"Player","Team","Positions","AB","R","HR","RBI","SB","AVG","OBP","H","2B","3B","BB","SO","SLG","OPS"
"Shohei Ohtani","LAD","SP,DH","572","124","47","111","24",".284",".383","162","29","5","92","163",".600",".983"
"Aaron Judge","NYY","LF,CF,RF,DH","521","111","47","114","9",".292",".417","152","26","1","112","160",".612","1.028"
"Bobby Witt Jr.","KC","SS","604","102","29","93","34",".292",".345","177","38","6","49","114",".519",".864"
"Juan Soto","NYM","LF,RF","544","109","37","99","21",".273",".408","149","25","1","123","121",".533",".941"
"Jose Ramirez","CLE","3B,DH","581","92","28","90","33",".274",".343","159","34","3","62","76",".483",".826"
"Ronald Acuna Jr.","ATL","RF","542","107","30","81","25",".282",".383","153","26","2","88","132",".505",".889"
"Julio Rodriguez","SEA","CF","607","93","29","93","27",".271",".323","165","28","3","47","146",".477",".800"
"Elly De La Cruz","CIN","SS","585","95","24","82","41",".261",".333","153","31","6","63","174",".457",".789"
"Kyle Tucker","LAD","RF,DH","531","95","30","93","21",".270",".367","143","28","2","82","92",".500",".867"
"Gunnar Henderson","BAL","SS","583","98","27","87","23",".273",".347","159","33","4","67","140",".483",".830"
"Fernando Tatis Jr.","SD","RF","566","97","28","81","25",".270",".350","153","28","2","70","128",".480",".830"
"Vladimir Guerrero Jr.","TOR","1B,DH","579","94","30","97","5",".295",".375","171","32","1","74","91",".513",".888"
"Corbin Carroll","ARI","CF,RF","535","98","25","80","33",".260",".339","139","27","10","64","127",".493",".832"
"Junior Caminero","TB","3B","584","84","37","104","5",".269",".319","157","27","1","43","123",".507",".826"
"Jackson Chourio","MIL","LF,CF,RF","584","88","24","84","24",".270",".316","158","34","4","40","128",".462",".778"
"Cal Raleigh","SEA","C,DH","543","86","40","101","8",".232",".325","126","22","0","76","169",".496",".822"
"Nick Kurtz","ATH","1B","517","92","37","95","3",".261",".347","135","27","2","69","175",".527",".874"
"Kyle Schwarber","PHI","LF,DH","557","99","42","103","6",".232",".346","129","20","1","98","189",".498",".844"
"Jazz Chisholm Jr.","NYY","2B,3B","519","78","28","78","31",".241",".314","125","20","2","55","154",".446",".760"
"Pete Alonso","BAL","1B","580","86","36","104","2",".254",".325","148","29","1","60","150",".498",".823"
"Trea Turner","PHI","SS","581","90","18","72","27",".282",".328","164","30","4","41","116",".440",".768"
"Ketel Marte","ARI","2B,DH","537","89","28","85","5",".275",".355","148","29","2","67","101",".490",".845"
"Francisco Lindor","NYM","SS","553","92","25","77","23",".260",".326","144","28","1","55","115",".451",".776"
"Yordan Alvarez","HOU","LF,DH","473","81","30","86","3",".293",".383","139","27","1","69","94",".548",".931"
"Zach Neto","LAA","SS","561","86","27","77","27",".254",".307","142","31","1","43","153",".453",".760"
"Bryce Harper","PHI","1B","536","84","27","88","10",".272",".362","146","33","1","76","135",".488",".850"
"Manny Machado","SD","3B","576","79","26","88","9",".264",".323","152","27","0","51","124",".452",".775"
"James Wood","WSH","LF,DH","551","83","26","82","16",".260",".348","143","31","2","74","183",".462",".810"
"Matt Olson","ATL","1B","582","89","31","94","1",".253",".342","147","31","1","80","161",".465",".807"
"Brent Rooker","ATH","LF,RF,DH","574","87","33","97","6",".264",".335","152","32","2","61","162",".499",".834"
"Pete Crow-Armstrong","CHC","CF","565","83","24","81","33",".248",".292","140","29","5","34","148",".445",".737"
"Mookie Betts","LAD","SS","547","90","22","83","9",".270",".348","148","30","3","66","75",".454",".802"
"Rafael Devers","SF","1B,DH","567","89","30","92","2",".254",".347","144","28","1","82","160",".467",".814"
"Wyatt Langford","TEX","LF,CF","532","84","24","74","21",".254",".341","135","27","2","71","142",".451",".792"
"Freddie Freeman","LAD","1B","558","86","23","88","8",".280",".354","156","35","2","65","119",".471",".825"
"Roman Anthony","BOS","LF,CF,RF","523","86","18","69","9",".269",".363","141","31","3","78","149",".441",".804"
"Josh Naylor","SEA","1B,DH","544","73","22","86","17",".264",".325","144","28","0","50","90",".436",".761"
"Brice Turang","MIL","2B","570","81","14","66","29",".259",".327","148","25","3","59","132",".384",".712"
"Riley Greene","DET","LF,CF,RF,DH","567","82","28","91","4",".259",".327","147","27","3","56","175",".467",".793"
"Austin Riley","ATL","3B","576","83","29","88","2",".261",".318","150","29","2","48","164",".471",".789"
"Jackson Merrill","SD","CF","556","78","22","80","8",".269",".318","150","30","4","40","117",".460",".778"
"Jarren Duran","BOS","LF,CF","557","83","17","71","23",".262",".322","146","36","7","50","143",".442",".764"
"CJ Abrams","WSH","SS","561","81","18","67","30",".252",".299","141","30","4","38","119",".419",".718"
"William Contreras","MIL","C,DH","526","78","19","77","6",".267",".353","141","28","1","70","116",".436",".789"
"Cody Bellinger","NYY","LF,CF,RF","543","79","23","81","11",".259",".320","141","25","3","50","92",".442",".762"
"Vinnie Pasquantino","KC","1B,DH","566","75","27","93","1",".262",".324","148","30","1","52","93",".465",".790"
"Maikel Garcia","KC","2B,3B,SS,OF","580","83","13","66","26",".271",".332","157","32","4","54","96",".405",".737"
"Corey Seager","TEX","SS","470","73","27","78","2",".273",".354","128","24","0","60","100",".498",".852"
"Geraldo Perdomo","ARI","SS","553","88","13","66","21",".265",".354","147","28","4","77","85",".399",".753"
"Shea Langeliers","ATH","C","472","69","28","78","5",".254",".310","120","25","1","39","118",".491",".802"
"Byron Buxton","MIN","CF","476","80","28","73","17",".250",".309","119","25","4","41","145",".494",".802"
"George Springer","TOR","LF,CF,RF,DH","517","84","24","73","14",".260",".335","134","23","2","59","115",".453",".787"
"Bo Bichette","NYM","SS","573","77","18","80","6",".286",".332","164","31","2","40","102",".441",".773"
"Jeremy Pena","HOU","SS","559","78","17","69","17",".274",".317","153","29","2","36","109",".423",".740"
"Ben Rice","NYY","C,1B,DH","463","72","26","73","4",".246",".323","114","23","2","53","113",".473",".796"
"Seiya Suzuki","CHC","LF,RF,DH","529","76","25","83","7",".256",".335","135","26","3","64","152",".461",".796"
"Hunter Goodman","COL","C,DH","512","70","28","85","2",".256",".303","131","29","3","34","145",".486",".789"
"Randy Arozarena","SEA","LF,CF","567","84","22","75","24",".233",".311","132","27","1","65","170",".405",".716"
"Eugenio Suarez","CIN","3B","543","77","34","94","3",".234",".300","127","23","1","51","179",".471",".771"
"Tyler Soderstrom","ATH","1B,LF","522","71","25","81","5",".257",".321","134","27","1","49","135",".455",".776"
"Michael Harris II","ATL","CF","533","68","20","71","18",".268",".301","143","26","3","25","111",".447",".748"
"Alex Bregman","CHC","3B","566","81","22","79","2",".254",".331","144","28","1","66","92",".423",".754"
"Nico Hoerner","CHC","2B","568","75","7","57","26",".277",".325","158","28","3","40","59",".376",".700"
"Oneil Cruz","PIT","CF","475","71","22","64","28",".236",".317","112","22","3","56","160",".435",".752"
"Teoscar Hernandez","LAD","LF,RF","528","73","27","85","6",".258",".306","136","27","1","37","154",".470",".776"
"Michael Busch","CHC","1B","513","77","27","78","3",".249",".326","128","25","3","59","145",".465",".791"
"Jose Altuve","HOU","2B,LF,DH","555","79","20","70","12",".264",".324","146","26","1","51","106",".422",".747"
"Willy Adames","SF","SS","575","82","27","84","11",".234",".317","134","26","1","70","165",".424",".741"
"Trevor Story","BOS","SS","544","74","20","74","22",".250",".295","136","27","1","35","159",".414",".709"
"Yandy Diaz","TB","1B,DH","556","77","20","75","2",".286",".352","159","28","1","58","94",".445",".796"
"Salvador Perez","KC","C,1B,DH","540","62","26","87","0",".252",".290","136","25","0","30","121",".451",".741"
"Christian Yelich","MIL","LF,DH","518","76","20","76","16",".259",".339","134","22","1","64","141",".418",".757"
"Luke Keaschall","MIN","2B","478","69","11","58","24",".268",".338","128","27","2","51","92",".400",".738"
"Drake Baldwin","ATL","C","474","64","19","73","1",".263",".330","125","22","1","48","96",".439",".770"
"Kyle Stowers","MIA","LF,CF,RF","505","69","25","79","4",".246",".316","124","24","3","54","160",".451",".767"
"Jo Adell","LAA","CF,RF","514","68","31","84","9",".236",".290","121","21","2","39","153",".464",".754"
"Will Smith","LAD","C","423","68","19","67","3",".261",".348","110","21","1","57","97",".456",".804"
"Brandon Nimmo","TEX","LF,CF","554","81","21","73","9",".251",".322","139","25","2","59","139",".421",".743"
"Andy Pages","LAD","LF,CF,RF","525","73","23","77","10",".257",".304","135","28","2","36","128",".450",".754"
"Agustin Ramirez","MIA","C,DH","463","61","18","64","12",".246",".301","114","25","1","37","99",".424",".725"
"Luis Robert Jr.","NYM","CF","483","66","20","65","30",".236",".293","114","21","1","40","148",".406",".699"
"Ozzie Albies","ATL","2B","543","71","18","70","11",".250",".307","136","27","2","44","89",".407",".714"
"Matt Chapman","SF","3B","538","80","24","77","9",".238",".326","128","28","2","70","154",".433",".759"
"Taylor Ward","BAL","LF","556","80","27","83","5",".242",".321","135","26","2","65","154",".441",".762"
"Lawrence Butler","ATH","CF,RF","513","74","21","68","19",".243",".310","125","26","2","50","148",".425",".735"
"Ceddanne Rafaela","BOS","2B,CF","528","71","17","65","21",".255",".289","135","29","4","26","121",".416",".706"
"Jakob Marsee","MIA","LF,CF","500","72","13","54","33",".235",".321","117","23","4","65","126",".370",".691"
"Jacob Wilson","ATH","SS","534","72","12","67","6",".297",".336","158","31","1","32","48",".423",".759"
"Steven Kwan","CLE","LF","582","82","10","56","18",".275",".340","160","28","3","58","60",".377",".718"
"Dansby Swanson","CHC","SS","566","76","21","73","15",".241",".304","136","25","2","52","159",".403",".708"
"Willson Contreras","BOS","1B","489","70","21","75","5",".251",".323","123","25","1","52","143",".443",".766"
"Ian Happ","CHC","LF","552","81","22","77","8",".241",".337","133","30","1","80","151",".418",".755"
"Ivan Herrera","STL","C,DH","476","69","18","66","9",".270",".347","129","22","1","56","108",".431",".779"
"Spencer Torkelson","DET","1B","544","76","27","82","2",".236",".318","128","27","1","66","160",".438",".756"
"Bryan Reynolds","PIT","LF,CF,RF,DH","565","74","19","74","5",".254",".320","143","29","3","55","153",".417",".737"
"Noelvi Marte","CIN","3B,RF","485","64","16","62","15",".253",".300","123","24","2","33","117",".411",".712"
"Xavier Edwards","MIA","2B,SS","530","70","4","46","27",".280",".341","148","22","4","49","81",".359",".699"
"Yainer Diaz","HOU","C,DH","488","58","19","67","1",".271",".303","132","23","1","22","88",".441",".744"
"Brandon Lowe","PIT","2B","481","68","23","71","4",".244",".307","117","22","1","44","135",".438",".745"
"Brenton Doyle","COL","CF","516","67","18","65","20",".248",".296","128","24","3","36","152",".410",".706"
"Dylan Crews","WSH","CF,RF","512","67","16","63","25",".239",".294","122","21","4","40","124",".391",".685"
"Jonathan Aranda","TB","1B","492","69","20","73","1",".264",".338","130","24","1","56","141",".433",".772"
"Ezequiel Tovar","COL","SS","583","77","20","73","9",".263",".301","154","34","4","31","155",".437",".738"
"Alec Burleson","STL","1B,LF,RF,DH","527","65","19","73","6",".271",".322","143","25","1","40","82",".436",".758"
"Adley Rutschman","BAL","C","494","67","17","66","1",".251",".335","124","25","1","62","89",".414",".749"
"Marcus Semien","NYM","2B","541","75","19","70","9",".240",".309","130","23","2","54","99",".394",".703"
"Christian Walker","HOU","1B","517","68","26","79","3",".234",".296","121","22","1","47","147",".428",".724"
"Heliot Ramos","SF","LF,CF,RF","549","74","21","73","6",".254",".312","140","24","2","46","146",".423",".734"
"Chandler Simpson","TB","LF,CF","414","54","1","33","41",".283",".324","117","16","3","25","47",".344",".667"
"Bryson Stott","PHI","2B,SS","515","68","13","61","23",".256",".322","132","23","3","51","96",".386",".708"
"Gleyber Torres","DET","2B","559","80","18","70","6",".259",".343","145","26","1","72","111",".403",".746"
"Addison Barger","TOR","3B,LF,RF","455","61","19","65","4",".243",".305","111","26","1","41","119",".429",".735"
"Mike Trout","LAA","CF,RF,DH","434","67","24","68","3",".236",".342","102","17","2","70","156",".452",".794"
"Royce Lewis","MIN","3B","460","58","19","65","11",".247",".303","114","23","0","37","107",".424",".727"
"Daylen Lile","WSH","LF,RF","501","66","11","60","14",".266",".314","133","26","8","36","98",".415",".730"
"Jackson Holliday","BAL","2B,SS","437","65","13","50","13",".250",".326","109","21","2","48","106",".399",".725"
"Matt McLain","CIN","2B","494","69","17","59","17",".236",".308","117","23","2","52","156",".394",".702"
"Alejandro Kirk","TOR","C","428","52","15","62","1",".270",".342","116","19","0","47","59",".421",".764"
"Jorge Polanco","NYM","2B,3B,DH","457","62","21","70","5",".248",".319","113","21","0","48","104",".435",".754"
"Sal Stewart","CIN","1B","434","59","18","64","7",".265",".324","115","24","0","38","92",".447",".771"
"Wilyer Abreu","BOS","LF,CF,RF","437","62","20","68","8",".247",".326","108","23","1","51","121",".448",".774"
"Munetaka Murakami","CWS","1B,3B","483","70","28","75","9",".223",".326","108","16","1","75","186",".439",".765"
"Daulton Varsho","TOR","LF,CF","491","70","25","74","8",".225",".286","111","22","3","42","139",".435",".722"
"Colson Montgomery","CWS","3B,SS","505","65","24","73","3",".220",".286","111","19","2","48","168",".406",".692"
"Jac Caglianone","KC","1B,RF","433","57","19","62","3",".245",".305","106","19","1","37","106",".427",".732"
"Isaac Paredes","HOU","3B","422","60","20","63","1",".243",".332","103","19","1","56","83",".431",".763"
"Luis Garcia","WSH","2B","468","59","15","62","14",".268",".309","125","24","2","28","78",".426",".735"
"Kerry Carpenter","DET","LF,RF,DH","442","62","24","71","2",".256",".302","113","19","3","30","114",".472",".774"
"Konnor Griffin","PIT","SS,CF","349","50","10","44","18",".259",".303","90","16","1","24","98",".394",".698"
"Xander Bogaerts","SD","SS","519","69","13","60","16",".264",".324","137","26","1","47","102",".395",".719"
"Adolis Garcia","PHI","RF","519","68","25","79","11",".236",".288","123","25","1","38","149",".431",".719"
"Kyle Manzardo","CLE","1B,DH","445","57","23","68","2",".238",".313","106","22","1","49","118",".443",".755"
"Kazuma Okamoto","TOR","1B,3B","480","63","23","73","2",".247",".319","119","24","0","52","105",".445",".764"
"Sal Frelick","MIL","LF,CF,RF","481","63","8","52","16",".264",".324","127","21","3","43","75",".373",".696"
"Brendan Donovan","SEA","2B,SS,LF","502","67","12","57","5",".268",".332","134","27","1","48","77",".403",".735"
"Andrew Vaughn","MIL","1B","494","59","19","73","1",".252",".305","125","25","1","39","106",".421",".725"
"Otto Lopez","MIA","2B,SS","527","64","12","62","16",".264",".315","139","25","2","39","86",".390",".704"
"Trent Grisham","NYY","CF","447","71","24","63","5",".222",".323","99","17","1","67","131",".423",".746"
"Alec Bohm","PHI","1B,3B","521","65","14","73","3",".274",".322","143","27","2","37","89",".416",".739"
"Jordan Beck","COL","LF,RF","502","64","16","62","16",".250",".310","125","25","4","44","157",".412",".722"
"TJ Friedl","CIN","LF,CF","512","72","14","56","12",".244",".323","125","21","3","59","100",".374",".697"
"Caleb Durbin","BOS","2B,3B","466","62","10","54","21",".257",".308","120","25","2","35","56",".381",".690"
"Kyle Teel","CWS","C","409","56","12","48","6",".249",".330","102","17","1","51","119",".384",".715"
"Francisco Alvarez","NYM","C","372","50","19","57","1",".234",".306","87","15","1","39","109",".433",".739"
"Masyn Winn","STL","SS","568","73","14","65","12",".252",".305","143","29","3","42","111",".385",".690"
"Ramon Laureano","SD","LF,CF,RF","470","65","19","66","8",".248",".303","117","23","3","37","138",".434",".737"
"Gabriel Moreno","ARI","C","392","53","11","55","4",".277",".345","108","20","1","41","75",".415",".760"
"Luis Arraez","SF","1B,2B,DH","569","69","5","56","8",".301",".338","171","28","3","32","26",".391",".729"
"Jake Burger","TEX","1B","504","64","26","76","2",".241",".283","122","23","1","29","135",".446",".729"
"Marcell Ozuna","PIT","DH","463","63","22","70","0",".246",".339","114","20","0","65","126",".430",".769"
"Colton Cowser","BAL","LF,CF,RF","441","62","20","61","13",".231",".305","102","21","1","48","159",".416",".721"
"Mickey Moniak","COL","LF,CF,RF","441","62","21","65","9",".262",".300","116","22","5","25","119",".472",".772"
"Jordan Westburg","BAL","2B,3B","400","60","18","57","4",".260",".307","104","20","2","26","94",".458",".765"
"Max Muncy","LAD","3B","370","57","21","62","3",".224",".338","83","15","1","63","108",".439",".777"
"Carlos Correa","HOU","3B,SS","493","64","16","65","0",".265",".330","131","24","1","49","109",".417",".747"
"Nolan Schanuel","LAA","1B","508","70","13","57","6",".263",".346","134","23","1","65","81",".388",".734"
"Spencer Steer","CIN","1B,LF","384","51","14","54","7",".239",".313","92","19","1","41","92",".406",".719"
"Samuel Basallo","BAL","C","374","49","19","56","2",".242",".304","90","18","1","33","101",".438",".742"
"Mark Vientos","NYM","3B,DH","412","51","19","61","1",".243",".298","100","18","1","33","118",".434",".732"
"Josh Lowe","LAA","LF,CF,RF","434","57","14","52","21",".240",".301","104","23","2","38","129",".402",".703"
"Jung Hoo Lee","SF","CF","518","66","9","57","9",".269",".326","139","28","6","44","63",".402",".728"
"Jose Caballero","NYY","2B,3B,SS,LF,RF","290","41","6","29","33",".224",".301","65","13","1","31","81",".338",".638"
"Matt Shaw","CHC","3B","264","36","9","32","11",".241",".309","64","11","2","24","54",".401",".709"
"Brett Baty","NYM","2B,3B","398","51","16","52","5",".243",".306","97","15","1","36","107",".409",".715"
"J.T. Realmuto","PHI","C","434","55","14","54","7",".253",".301","110","22","2","31","116",".409",".711"
"JJ Wetherholt","STL","2B,3B,SS","443","59","11","50","12",".250",".324","111","22","1","50","89",".375",".700"
"Kevin McGonigle","DET","SS","376","54","12","49","9",".258",".332","97","21","2","43","63",".423",".755"
"Miguel Vargas","CWS","1B,3B","503","70","17","64","7",".236",".317","119","28","2","60","108",".403",".720"
"Jasson Dominguez","NYY","LF,CF","195","28","7","25","10",".245",".319","48","8","1","19","52",".401",".720"
"Chase DeLauter","CLE","CF,RF","400","50","12","49","3",".245",".315","98","21","1","40","81",".393",".708"
"Josh Bell","MIN","1B,DH","481","62","20","66","1",".248",".326","119","21","1","56","102",".418",".744"
"Andres Gimenez","TOR","2B,SS","510","63","11","56","20",".247",".292","126","23","2","32","98",".368",".659"
"Jeff McNeil","ATH","2B,LF,CF,RF","480","61","12","58","4",".261",".321","125","26","3","43","68",".403",".725"
"Dillon Dingler","DET","C","380","45","13","50","1",".248",".296","94","19","2","27","103",".403",".699"
"Carter Jensen","KC","C","325","44","12","45","4",".247",".321","80","16","2","37","93",".410",".731"
"Colt Keith","DET","1B,2B,3B,DH","452","63","15","59","3",".260",".327","118","22","3","44","104",".421",".747"
"Justin Crawford","PHI","CF","381","52","6","38","22",".270",".323","103","18","3","31","89",".372",".695"
"Ryan O'Hearn","PIT","1B,LF,RF,DH","461","61","14","60","3",".265",".332","122","23","1","47","97",".412",".744"
"Giancarlo Stanton","NYY","LF,RF,DH","362","48","24","66","0",".228",".301","83","13","0","39","129",".464",".765"
"Willi Castro","COL","2B,3B,LF,RF","452","64","12","51","14",".255",".317","115","22","4","41","115",".402",".719"
"Cedric Mullins II","TB","CF","407","54","14","51","20",".226",".297","92","19","2","41","103",".382",".678"
"Anthony Volpe","NYY","SS","409","53","13","49","16",".229",".287","94","21","3","34","110",".389",".677"
"Matt Wallner","MIN","LF,RF","407","59","22","63","5",".231",".313","94","21","2","48","144",".454",".767"
"Logan O'Hoppe","LAA","C","407","47","19","52","2",".231",".284","94","14","1","30","126",".409",".694"
"J.P. Crawford","SEA","SS","520","66","11","56","6",".242",".329","126","24","1","69","115",".357",".686"
"Tommy Edman","LAD","2B,3B,CF","413","55","12","50","9",".244",".293","101","19","2","29","78",".392",".686"
"Brandon Marsh","PHI","LF,CF","420","58","13","54","10",".256",".329","108","21","3","46","134",".412",".741"
"Nick Castellanos","SD","RF","324","39","11","43","3",".250",".294","81","16","1","20","82",".407",".701"
"Spencer Horwitz","PIT","1B","425","58","11","55","2",".264",".346","112","26","1","53","86",".406",".752"
"Ernie Clement","TOR","1B,2B,3B,SS","526","66","11","58","9",".266",".299","140","29","2","25","58",".387",".686"
"Bryce Eldridge","SF","1B,DH","365","42","16","53","2",".233",".298","85","17","0","34","120",".409",".707"
"Ryan Jeffers","MIN","C,DH","437","57","15","57","2",".246",".318","108","23","1","47","104",".406",".723"
"Lars Nootbaar","STL","LF,CF,RF","446","62","15","54","6",".243",".334","108","22","2","61","104",".401",".735"
"Chase Meidroth","CWS","2B,3B,SS","467","64","7","43","12",".252",".334","118","19","1","58","82",".343",".678"
"Evan Carter","TEX","LF,CF,RF","393","57","12","47","19",".240",".318","94","18","3","46","101",".391",".709"
"Nolan Arenado","ARI","3B","511","60","16","69","3",".251",".303","128","24","1","38","78",".397",".700"
"Austin Wells","NYY","C","389","49","18","57","4",".225",".291","87","19","1","37","109",".414",".705"
"Marcelo Mayer","BOS","2B,3B","379","49","11","46","6",".243",".300","92","22","2","30","97",".399",".699"
"Tyler Stephenson","CIN","C","379","49","14","52","1",".237",".312","90","18","1","41","119",".400",".712"
"Brooks Lee","MIN","2B,3B,SS","502","56","14","61","4",".246",".294","123","23","1","35","93",".381",".675"
"Anthony Santander","TOR","LF,RF,DH","117","16","6","18","0",".226",".299","27","5","0","11","27",".425",".724"
"Josh Jung","TEX","3B","486","57","17","63","4",".247",".290","120","23","1","30","133",".404",".694"
"Carson Benge","NYM","CF","320","43","9","38","8",".237",".307","76","15","2","33","77",".380",".687"
"Jake Cronenworth","SD","1B,2B,SS","501","65","13","60","4",".235",".319","118","24","2","62","115",".376",".695"
"Dominic Canzone","SEA","LF,RF","371","46","15","50","4",".243",".299","90","17","1","30","93",".415",".714"
"Harrison Bader","SF","LF,CF,RF","443","57","14","52","14",".247",".295","109","19","2","31","116",".389",".684"
"Jonathan India","KC","2B,3B,LF,DH","450","62","12","50","6",".244",".324","110","24","1","52","98",".383",".707"
"Cam Smith","HOU","RF","410","53","11","48","7",".241",".306","99","19","2","38","117",".378",".683"
"Victor Scott","STL","CF","464","58","7","41","34",".223",".285","103","18","2","40","115",".319",".604"
"Jordan Walker","STL","LF,RF","464","53","14","55","9",".236",".293","109","23","2","38","134",".384",".678"
"Lenyn Sosa","CWS","1B,2B","366","39","13","46","2",".250",".281","91","15","1","16","83",".403",".684"
"Andrew Benintendi","CWS","LF,DH","447","55","16","57","3",".248",".312","111","19","1","42","85",".400",".713"
"Jordan Lawlar","ARI","3B","346","46","8","39","14",".239",".304","83","19","3","33","101",".384",".688"
"Dylan Beavers","BAL","LF,RF","343","49","12","42","11",".242",".331","83","16","2","46","94",".401",".732"
"Isaac Collins","KC","LF,RF","368","51","8","44","15",".242",".332","89","19","3","49","87",".375",".707"
"Ha-Seong Kim","ATL","2B,SS","319","43","8","36","13",".241",".322","77","14","1","39","67",".365",".687"
"Owen Caissie","MIA","CF,RF","361","45","12","45","4",".237",".311","85","19","1","40","126",".395",".706"
"Jesus Sanchez","TOR","LF,CF,RF","372","51","14","49","9",".246",".310","92","18","2","34","97",".421",".731"
"Josh Smith","TEX","1B,3B,SS,LF,RF","449","60","10","46","9",".244",".316","110","22","2","48","98",".367",".683"
"Nolan Gorman","STL","2B,3B,DH","454","58","21","64","3",".216",".294","98","18","1","50","164",".400",".694"
"Joey Ortiz","MIL","SS","494","61","10","54","13",".244",".299","120","25","3","39","93",".371",".670"
"Gavin Sheets","SD","1B,LF,RF,DH","427","49","14","57","2",".240",".302","103","22","1","38","94",".397",".699"
"Connor Norby","MIA","3B","430","55","14","52","9",".245",".299","105","22","2","33","124",".398",".697"
"Zach McKinstry","DET","3B,SS,LF,RF","362","49","8","37","14",".238",".302","86","16","5","34","86",".373",".676"
"Edgar Quero","CWS","C,DH","374","42","9","43","1",".253",".321","95","16","0","38","77",".368",".689"
"Victor Robles","SEA","LF,CF,RF","297","38","6","30","18",".243",".294","72","14","1","21","70",".358",".652"
"Parker Meadows","DET","CF","391","53","11","42","12",".229",".300","90","16","5","40","109",".379",".680"
"Nasim Nunez","WSH","2B,SS","307","38","4","27","26",".227",".302","70","10","1","33","79",".308",".610"
"Moises Ballesteros","CHC","C,DH","309","37","9","41","1",".262",".322","81","14","1","28","60",".400",".722"
"Jorge Soler","LAA","RF,DH","417","56","21","60","1",".227",".307","95","19","0","49","129",".423",".730"
"Austin Hays","CWS","LF,DH","420","54","15","54","6",".247",".296","104","22","2","30","114",".411",".707"
"Nick Gonzales","PIT","2B,SS","373","45","8","43","2",".259",".306","97","21","3","25","83",".395",".701"
"Trevor Larnach","MIN","LF,RF,DH","392","52","14","52","4",".247",".324","97","19","1","44","102",".408",".731"
"Romy Gonzalez","BOS","1B,2B","239","32","7","32","7",".267",".310","64","13","2","14","61",".431",".741"
"Paul Goldschmidt","NYY","1B","313","41","11","39","4",".248",".310","78","16","0","28","79",".405",".715"
"Ryan McMahon","NYY","3B","428","53","17","54","3",".216",".302","92","18","1","53","152",".378",".679"
"Mike Yastrzemski","ATL","LF,CF,RF","396","55","15","51","4",".229",".315","91","20","2","49","105",".409",".724"
"Carlos Narvaez","BOS","C","362","44","12","45","2",".228",".303","83","18","0","39","107",".372",".675"
"Jake Mangum","PIT","LF,CF,RF","303","34","3","29","13",".272",".306","82","16","2","15","54",".361",".668"
"Bo Naylor","CLE","C","384","50","16","50","4",".218",".300","84","18","1","46","108",".393",".693"
"Jared Triolo","PIT","1B,2B,3B,SS","426","54","9","44","13",".243",".320","104","20","2","49","108",".360",".679"
"Carson Kelly","CHC","C","322","40","12","42","2",".235",".308","76","12","1","34","73",".389",".697"
"Jake Meyers","HOU","CF","409","53","9","43","13",".249",".309","102","19","2","36","93",".373",".681"
"Freddy Fermin","SD","C","391","43","9","41","2",".243",".293","95","15","1","28","85",".353",".646"
"Christian Moore","LAA","2B","391","48","12","44","7",".227",".297","89","14","3","38","131",".368",".665"
"Luisangel Acuna","CWS","2B","349","43","4","31","21",".246",".291","86","15","2","22","70",".339",".630"
"Tyler O'Neill","BAL","LF,RF","335","47","18","50","5",".233",".311","78","13","1","38","107",".440",".752"
"Ke'Bryan Hayes","CIN","3B","461","52","9","47","10",".242",".294","112","19","2","34","101",".351",".645"
"Brady House","WSH","3B","462","50","13","54","6",".242",".278","112","20","1","23","136",".373",".651"
"Jacob Melton","TB","LF,CF","126","16","4","14","7",".220",".279","28","6","0","10","37",".356",".635"
"Ryan Waldschmidt","ARI","LF,CF,RF","139","20","3","16","5",".246",".330","34","7","1","17","34",".381",".710"
"Jake McCarthy","COL","LF,CF,RF","329","46","6","34","15",".268",".317","88","14","4","23","59",".393",".711"
"Luis Rengifo","MIL","2B,3B,OF","381","44","8","40","10",".251",".299","95","15","2","27","76",".367",".666"
"Harry Ford","WSH","C","223","28","5","26","5",".230",".315","51","10","0","28","59",".348",".663"
"Kristian Campbell","BOS","2B,CF","131","17","3","15","2",".253",".328","33","6","0","14","35",".377",".705"
"Triston Casas","BOS","1B","179","24","8","27","0",".242",".333","43","8","0","22","45",".431",".765"
"Lane Thomas","KC","CF,RF","359","48","12","45","14",".234",".296","84","18","2","32","103",".394",".690"
"Sean Murphy","ATL","C","304","39","15","44","0",".220",".300","67","13","0","34","93",".411",".711"
"Joc Pederson","TEX","DH","341","49","16","50","3",".231",".320","79","14","1","45","90",".430",".750"
"Patrick Bailey","SF","C","427","47","9","47","2",".224",".284","95","19","2","36","125",".340",".624"
"Pavin Smith","ARI","1B,DH","361","48","12","47","2",".235",".329","85","18","1","51","105",".389",".719"
"Keibert Ruiz","WSH","C","327","32","8","39","2",".246",".283","81","15","0","17","39",".367",".651"
"Rhys Hoskins","CLE","1B","333","42","15","48","2",".221",".308","74","14","1","42","103",".401",".709"
"Colt Emerson","SEA","SS","240","29","5","27","5",".235",".298","56","12","1","22","59",".353",".651"
"Cole Young","SEA","2B","325","40","6","35","5",".232",".309","76","15","2","36","63",".353",".662"
"Gabriel Arias","CLE","2B,SS","416","46","12","46","9",".227",".276","95","21","2","28","138",".372",".648"
"Lourdes Gurriel Jr.","ARI","LF","352","43","12","48","5",".263",".307","92","18","1","22","61",".422",".729"
"Kody Clemens","MIN","1B,2B,LF,RF","249","32","11","35","3",".227",".285","57","11","2","19","64",".422",".707"
"Javier Baez","DET","2B,3B,SS,CF","324","37","9","39","5",".235",".264","76","14","1","13","83",".366",".630"
"Miguel Andujar","SD","3B,LF,DH","327","37","8","40","2",".268",".308","88","16","1","19","52",".399",".707"
"Denzel Clarke","ATH","CF","331","43","8","34","13",".228",".286","75","16","3","27","117",".365",".651"
"Wenceel Perez","DET","CF,RF","423","56","13","50","11",".240",".301","101","19","5","38","100",".396",".697"
"Victor Caratini","MIN","C,1B,DH","302","36","9","38","1",".252",".310","76","12","0","26","61",".383",".694"
"Coby Mayo","BAL","1B","167","22","7","22","2",".228",".301","38","8","1","17","52",".415",".716"
"Hyeseong Kim","LAD","2B,SS,CF","156","19","3","16","8",".243",".289","38","7","1","10","41",".348",".637"
"Jhostynxon Garcia","PIT","CF,RF","216","27","7","25","3",".233",".284","50","10","1","15","66",".378",".661"
"Garrett Mitchell","MIL","CF,RF","314","43","9","35","13",".233",".307","73","14","3","33","106",".377",".684"
"Sung-Mun Song","SD","2B,3B","261","30","6","28","6",".236",".296","62","12","1","22","51",".355",".651"
"Brayan Rocchio","CLE","2B,SS","423","50","9","45","11",".236",".296","100","22","2","36","87",".355",".651"
"Travis Bazzana","CLE","2B","181","25","5","20","4",".217",".306","39","8","1","23","58",".343",".649"
"Jake Fraley","TB","LF,RF","320","40","8","36","12",".241",".311","77","15","1","32","74",".369",".679"
"Mauricio Dubon","ATL","2B,3B,SS,LF,CF","353","41","6","36","3",".255",".294","90","18","1","19","47",".361",".656"
"Danny Jansen","TEX","C","282","36","12","37","1",".212",".299","60","12","0","35","78",".390",".688"
"Nolan Jones","CLE","LF,CF,RF","130","16","4","15","3",".228",".313","30","6","1","16","43",".368",".681"
"Carson Williams","TB","SS","344","45","13","43","11",".211",".277","73","13","3","31","132",".377",".654"
"Edouard Julien","COL","1B,2B","311","41","9","35","4",".244",".343","76","14","1","47","105",".385",".728"
"Miguel Amaya","CHC","C","250","29","7","32","1",".234",".289","58","12","1","20","60",".374",".663"
"Jose Siri","LAA","CF","49","7","2","6","2",".202",".256","10","2","0","4","20",".380",".636"
"Josh Rojas","KC","2B,3B","44","5","1","4","1",".229",".301","10","2","0","5","11",".333",".634"
"Christopher Morel","MIA","LF","303","40","13","40","7",".224",".297","68","13","1","31","101",".405",".702"
"David Fry","CLE","DH","169","20","7","22","2",".222",".287","37","8","0","15","50",".387",".674"
"Kris Bryant","COL","DH","71","8","2","8","0",".236",".301","17","3","0","7","21",".364",".664"
"Tyler Freeman","COL","2B,RF,DH","289","42","5","31","13",".276",".334","80","15","1","25","43",".388",".722"
"Liam Hicks","MIA","C,1B,DH","262","30","4","28","2",".240",".324","63","11","1","32","48",".339",".662"
"Ben Williamson","TB","3B","194","23","2","19","4",".249",".300","48","10","1","14","45",".339",".640"
"Colby Thomas","ATH","LF,CF,RF","216","28","9","30","4",".236",".280","51","12","1","13","72",".417",".697"
"Ryan Mountcastle","BAL","1B,DH","186","23","7","25","1",".256",".302","48","9","0","12","49",".421",".723"
"Dalton Rushing","LAD","C","172","23","7","25","1",".227",".305","39","8","0","20","56",".390",".696"
"Nathaniel Lowe","CIN","1B","162","20","5","22","0",".243",".326","39","7","0","20","46",".388",".715"
"Davis Schneider","TOR","2B,LF","266","38","12","37","4",".217",".316","58","12","1","38","88",".400",".716"
"CJ Kayfus","CLE","1B,LF,RF","237","30","8","30","3",".238",".307","56","12","2","24","73",".399",".707"
"Zack Gelof","ATH","2B","147","20","5","17","5",".220",".290","32","7","0","15","53",".384",".674"
"Kyle Higashioka","TEX","C,DH","245","27","10","33","2",".224",".273","55","11","1","16","67",".398",".670"
"Adael Amador","COL","2B","96","12","2","11","3",".246",".318","24","5","0","10","19",".366",".684"
"Brooks Baldwin","CWS","2B,3B,SS,LF,CF,RF","325","39","12","40","7",".245",".297","80","15","1","24","83",".403",".700"
"Brice Matthews","HOU","2B","55","7","2","7","3",".213",".292","12","2","0","6","20",".378",".670"
"Gavin Lux","TB","2B,3B,LF,DH","400","51","7","43","3",".253",".330","101","22","2","46","100",".370",".700"
"Griffin Conine","MIA","LF,RF","290","35","10","37","1",".221",".294","64","12","1","30","106",".375",".669"
"Charlie Condon","COL","1B,OF","161","20","5","21","1",".240",".301","39","7","1","14","52",".392",".693"
"Joey Bart","PIT","C","266","31","7","31","1",".238",".313","63","11","0","29","83",".364",".677"
"Adrian Del Castillo","ARI","C,DH","166","20","5","22","0",".231",".296","38","8","1","15","51",".388",".684"
"Zac Veen","COL","LF,RF","114","14","3","13","4",".244",".301","28","6","1","9","30",".386",".687"
"Alek Thomas","ARI","CF","368","45","9","41","7",".242",".286","89","18","3","22","91",".378",".663"
"Max Clark","DET","CF","22","4","1","3","1",".247",".353","5","0","1","4","5",".440",".793"
"Pedro Pages","STL","C","315","33","9","36","1",".226",".278","71","13","1","23","90",".360",".637"
"Yoan Moncada","LAA","3B","333","42","12","43","1",".238",".310","79","17","1","35","101",".407",".717"
"Jake Bauers","MIL","1B,LF,RF","259","35","12","36","8",".214",".308","55","11","1","35","90",".396",".705"
"Tim Tawa","ARI","1B,2B,LF,CF","161","19","5","18","4",".223",".286","36","7","1","14","45",".367",".653"
"Jonah Heim","ATL","C,DH","94","10","3","11","0",".225",".280","21","4","0","7","20",".358",".638"
"Christian Encarnacion-Strand","CIN","1B,3B","64","8","3","9","0",".238",".278","15","3","0","4","19",".416",".694"
"Max Muncy","ATH","2B,3B,SS","297","35","9","37","3",".237",".285","70","15","1","20","92",".388",".673"
"Zach Cole","HOU","LF,CF,RF","309","40","12","39","10",".213",".282","66","13","3","29","134",".386",".668"
"Kyle Isbel","KC","CF","398","51","7","40","9",".238",".288","95","19","4","28","86",".360",".648"
"Joshua Baez","STL","LF,CF,RF","71","9","3","9","5",".228",".302","16","4","0","8","20",".397",".699"
"Michael Massey","KC","2B,LF","254","28","7","30","2",".243",".280","62","12","1","13","50",".385",".666"
"Spencer Jones","NYY","CF","42","6","2","6","2",".217",".287","9","2","0","4","19",".413",".700"
"Taylor Walls","TB","SS","273","34","5","27","14",".212",".291","58","13","2","31","73",".322",".613"
"Nathan Lukes","TOR","LF,CF,RF","282","37","6","35","3",".261",".322","74","14","1","25","49",".389",".711"
"Aidan Miller","PHI","SS","52","7","1","6","3",".228",".305","12","3","0","5","14",".354",".659"
"Vaughn Grissom","LAA","2B","243","30","5","26","5",".247",".305","60","11","1","20","53",".368",".673"
"Blaze Alexander","BAL","2B,3B","259","32","7","29","5",".225",".292","58","11","1","24","90",".357",".648"
"JJ Bleday","CIN","LF,CF,RF","277","38","12","38","2",".228",".311","63","14","1","33","73",".420",".731"
"Jett Williams","MIL","2B,SS,OF","128","17","3","14","5",".223",".302","29","7","1","14","38",".365",".667"
"Javier Sanoja","MIA","2B,3B,SS,LF,CF","194","23","3","21","5",".259",".303","50","11","2","12","22",".383",".687"
"Austin Martin","MIN","2B,LF,CF","279","38","3","26","12",".252",".335","70","15","1","35","55",".347",".682"
"Isiah Kiner-Falefa","BOS","2B,3B,SS","175","19","2","17","6",".254",".290","45","7","1","9","32",".335",".626"
"Ezequiel Duran","TEX","1B,2B,3B,SS,LF","251","29","5","26","8",".240",".279","60","13","1","14","65",".366",".645"
"Thomas Saggese","STL","2B,3B,SS","228","26","5","25","3",".245",".292","56","11","1","15","63",".371",".663"
"Henry Davis","PIT","C","243","29","8","28","4",".220",".286","54","11","1","22","70",".364",".650"
"Edmundo Sosa","PHI","2B,3B,SS","219","28","7","28","3",".250",".283","55","11","2","10","54",".410",".693"
"Joe Mack","MIA","C","233","26","8","29","2",".221",".280","51","10","1","19","70",".364",".644"
"Nick Fortes","TB","C","274","29","7","28","2",".224",".269","61","11","1","17","54",".342",".611"
"Casey Schmitt","SF","1B,2B,3B","202","24","7","25","1",".239",".291","48","9","0","15","52",".395",".686"
"Ronny Mauricio","NYM","2B,3B","136","17","4","16","4",".236",".286","32","6","0","9","37",".383",".669"
"Miguel Rojas","LAD","2B,3B,SS","153","19","3","16","3",".250",".301","38","8","0","11","24",".360",".662"
"Heriberto Hernandez","MIA","LF,RF,DH","287","37","11","38","3",".224",".304","64","13","1","33","97",".386",".690"
"Braxton Fulford","COL","C","174","23","5","23","2",".242",".300","42","9","1","14","53",".400",".700"
"Walker Jenkins","MIN","CF","95","13","2","10","3",".248",".324","23","5","0","11","23",".379",".704"
"Troy Johnston","COL","1B,LF,RF","207","26","6","26","7",".255",".305","53","11","2","15","47",".398",".703"
"Luke Raley","SEA","1B,LF,CF,RF","259","34","10","34","5",".222",".282","58","11","1","22","88",".391",".673"
"Angel Martinez","CLE","2B,LF,CF","240","29","6","26","4",".233",".282","56","13","1","16","55",".365",".647"
"Joey Loperfido","HOU","LF,CF,RF","304","37","9","36","6",".234",".285","71","14","2","22","93",".377",".663"
"Jacob Young","WSH","CF","276","33","2","23","15",".247",".300","68","11","1","21","56",".324",".623"
"Jose Trevino","CIN","C","225","24","6","25","1",".237",".282","53","10","0","14","38",".360",".643"
"David Hamilton","MIL","2B,SS","175","24","5","18","17",".216",".283","38","7","1","16","49",".354",".637"
"George Valera","CLE","LF,RF,DH","319","40","12","38","2",".223",".302","71","14","1","36","100",".380",".682"
"Carlos Santana","ARI","1B","317","38","10","40","3",".222",".303","70","13","0","37","66",".357",".660"
"Connor Wong","BOS","C","200","24","5","21","3",".240",".292","48","10","1","15","54",".369",".662"
"James McCann","ARI","C","170","19","5","21","1",".237",".280","40","8","0","10","48",".375",".655"
"Jimmy Crooks III","STL","C","88","10","2","10","0",".237",".292","21","4","0","7","26",".350",".642"
"Luis Torrens","NYM","C","203","22","5","24","1",".237",".290","48","9","1","15","50",".371",".661"
"Jeferson Quero","MIL","C","24","3","1","3","0",".224",".284","5","1","0","2","5",".334",".618"
"Travis d'Arnaud","LAA","C","195","21","7","24","0",".217",".268","42","9","0","14","61",".379",".647"
"Ryan Ritter","COL","2B,SS","188","25","5","22","3",".250",".308","47","10","2","16","56",".397",".705"
"Jonny DeLuca","TB","LF,CF,RF","247","30","7","28","9",".229",".283","57","10","2","19","57",".375",".658"
"Abimelec Ortiz","WSH","1B,OF","205","25","8","27","1",".225",".288","46","9","1","18","59",".390",".678"
"Gary Sanchez","MIL","C","141","18","7","22","0",".219",".286","31","5","0","13","43",".409",".695"
"Eric Wagaman","MIN","1B,LF","121","14","3","14","1",".250",".299","30","7","0","8","27",".398",".697"
"Hunter Feduccia","TB","C","220","25","5","23","1",".216",".304","47","10","1","28","64",".327",".631"
"Starling Marte","KC","LF,RF,DH","227","29","5","26","7",".260",".308","59","10","1","16","53",".386",".693"
"Leo De Vries","ATH","SS","29","4","1","4","0",".229",".296","7","2","0","3","8",".393",".689"
"Amed Rosario","NYY","2B,3B","201","24","4","23","4",".260",".294","52","10","1","9","39",".379",".673"
"Esteury Ruiz","MIA","LF,CF","103","15","2","11","11",".240",".306","25","5","1","10","25",".370",".676"
"Ramon Urias","STL","2B,3B","257","30","8","31","2",".243",".299","62","12","1","21","63",".386",".685"
"Dane Myers","CIN","LF,CF,RF","202","25","6","23","8",".242",".297","49","8","0","16","56",".368",".665"
"Tommy Pham","","LF,CF,RF","185","23","5","22","3",".241",".312","45","8","1","19","47",".372",".683"
"Yohel Pozo","STL","C","160","16","4","19","1",".252",".277","40","9","0","6","22",".391",".669"
"Jake Rogers","DET","C","175","22","6","22","1",".211",".278","37","8","1","16","57",".372",".650"
"Tyrone Taylor","NYM","LF,CF,RF","253","31","6","27","8",".228",".269","58","13","2","14","63",".366",".634"
"Graham Pauley","MIA","3B","263","31","8","30","4",".225",".293","59","13","1","25","60",".371",".665"
"Dylan Moore","","1B,2B,3B,LF,RF","114","17","5","14","7",".208",".286","24","5","1","12","40",".379",".665"
"Otto Kemp","PHI","1B,3B,LF","202","28","7","27","4",".236",".293","48","10","1","16","64",".395",".689"
"Kyle Karros","COL","3B","216","27","4","23","2",".258",".326","56","12","1","22","57",".381",".707"
"Jesse Winker","","LF,RF,DH","189","25","6","23","4",".235",".335","44","8","1","28","49",".375",".710"
"Jose Fermin","STL","2B","153","20","3","17","6",".241",".324","37","8","0","19","22",".356",".680"
"Masataka Yoshida","BOS","LF,DH","191","24","5","26","2",".273",".323","52","10","0","14","28",".410",".733"
"Will Benson","CIN","LF,CF,RF","193","27","8","26","6",".223",".303","43","9","1","22","68",".408",".711"
"Jose Tena","WSH","2B,3B","199","22","4","21","6",".247",".301","49","10","1","15","55",".364",".665"
"Luis Campusano","SD","C,DH","213","26","7","27","1",".239",".311","51","9","0","22","48",".378",".689"
"Emmanuel Rodriguez","MIN","CF","49","8","2","6","2",".220",".346","11","2","0","9","20",".370",".715"
"Cody Freeman","TEX","2B","166","19","4","19","2",".240",".284","40","8","0","10","28",".372",".656"
"Rowdy Tellez","","1B","187","22","9","27","1",".228",".288","43","8","0","16","50",".412",".700"
"Rob Refsnyder","SEA","LF,CF,RF,DH","203","27","7","27","3",".238",".319","48","10","0","24","62",".394",".713"
"Jeremiah Jackson","BAL","3B,RF","218","26","7","27","4",".239",".277","52","11","1","12","55",".397",".675"
"Andres Chaparro","WSH","1B","231","26","9","31","1",".231",".295","53","11","0","21","61",".396",".691"
"Wilmer Flores","","1B,DH","142","16","5","18","0",".230",".294","33","6","0","13","29",".374",".668"
"Austin Wynns","ATH","C","133","15","4","17","1",".230",".280","31","6","0","9","40",".364",".644"
"Sam Haggerty","TEX","LF,CF","191","26","3","18","11",".240",".305","46","9","2","18","48",".352",".656"
"Kaelen Culpepper","MIN","SS","41","5","1","4","2",".250",".310","10","2","0","4","8",".363",".673"
"Matt Vierling","DET","LF,CF","217","27","6","24","3",".242",".303","53","10","1","19","56",".379",".681"
"Tyler Black","MIL","1B","33","4","1","4","2",".219",".319","7","1","0","5","10",".308",".627"
"Everson Pereira","CWS","LF,CF","176","23","7","22","4",".222",".285","39","7","1","16","62",".391",".677"
"Robert Hassell III","WSH","CF,RF","236","26","5","24","6",".239",".296","57","10","0","19","63",".340",".636"
"Kevin Alcantara","CHC","CF,RF","49","6","1","6","1",".229",".296","11","2","0","5","16",".353",".649"
"Andrew McCutchen","TEX","RF,DH","178","22","6","21","1",".231",".321","41","8","0","23","48",".376",".696"
"Heston Kjerstad","BAL","LF,RF","48","6","2","6","0",".227",".282","11","2","0","4","15",".379",".661"
"Thairo Estrada","BAL","2B","76","9","2","8","1",".244",".277","18","3","0","3","16",".368",".645"
"Rafael Marchan","PHI","C","128","14","2","14","1",".229",".294","29","6","0","12","24",".329",".623"
"Richie Palacios","TB","IF,LF","166","21","3","16","7",".227",".310","38","7","0","20","37",".331",".641"
"Drew Millas","WSH","C","116","13","2","12","3",".243",".301","28","5","1","10","22",".347",".648"
"Tyler Locklear","ARI","1B","159","20","5","20","4",".236",".301","38","8","1","15","48",".383",".684"
"Braden Montgomery","CWS","CF","115","13","3","12","2",".226",".286","26","6","0","10","37",".357",".644"
"J.C. Escarra","NYY","C","118","14","3","13","1",".223",".294","26","6","0","12","25",".349",".644"
"Nathan Church","STL","LF,CF,RF","150","18","3","16","4",".248",".296","37","7","1","10","24",".356",".652"
"James Outman","MIN","LF,CF,RF","174","24","7","21","4",".209",".288","36","8","1","19","68",".379",".667"
"Nick Yorke","PIT","2B","122","14","2","13","3",".250",".304","31","6","0","9","30",".364",".667"
"Tommy Troy","ARI","2B","49","6","1","5","1",".237",".303","11","2","0","5","11",".352",".655"
"Tyler Heineman","TOR","C","122","15","2","13","2",".222",".289","27","5","1","12","28",".325",".614"
"Christian Vazquez","HOU","C","135","13","3","13","1",".222",".274","30","5","0","10","28",".318",".591"
"Adam Frazier","LAA","2B,LF,RF","180","20","3","17","3",".231",".283","42","8","1","13","36",".329",".612"
"Leo Rivas","SEA","2B,SS","124","17","2","12","6",".216",".327","27","4","0","20","36",".300",".628"
"Mitch Garver","SEA","C,DH","78","9","3","10","0",".202",".291","16","3","0","10","25",".357",".648"
"Daniel Schneemann","CLE","2B,3B,SS,CF,RF","177","21","5","19","4",".217",".295","38","9","1","20","53",".353",".647"
"Tyler Austin","CHC","1B,RF","146","19","6","21","0",".241",".312","35","8","0","15","41",".433",".746"
"Michael Helman","TEX","CF","109","13","3","12","3",".211",".260","23","5","0","7","28",".344",".604"
"Blaine Crim","COL","1B","158","20","5","21","1",".249",".312","39","8","1","15","39",".410",".722"
"Jorge Mateo","ATL","2B,SS,CF","138","18","3","14","13",".224",".268","31","7","1","8","39",".353",".621"
"Blake Perkins","MIL","LF,CF,RF","191","24","4","20","7",".220",".299","42","8","1","22","59",".335",".634"
"Enrique Hernandez","LAD","1B,2B,3B,LF","169","21","6","22","1",".222",".278","38","8","0","13","43",".372",".650"
"Jose Miranda","SD","1B,3B","43","4","1","4","0",".226",".272","10","2","0","3","9",".335",".608"
"Oswald Peraza","LAA","1B,2B,3B,SS","165","20","5","17","6",".215",".273","35","6","0","13","47",".343",".615"
"Hector Rodriguez","CIN","LF,RF","20","2","1","2","0",".255",".292","5","1","0","1","4",".362",".654"
"Cesar Salazar","HOU","C","129","14","3","14","1",".204",".276","26","5","0","13","30",".312",".589"
"Korey Lee","CWS","C","98","11","3","10","1",".220",".263","22","4","0","6","28",".348",".612"
"Luis Matos","SF","LF,CF,RF","152","19","5","19","3",".244",".289","37","7","0","9","23",".394",".682"
"Jerar Encarnacion","SF","RF","109","13","4","14","1",".226",".288","25","4","0","10","38",".383",".672"
"Randal Grichuk","NYY","LF,RF,DH","124","16","5","16","0",".241",".290","30","7","1","9","29",".421",".710"
"Nelson Rada","LAA","CF","65","8","0","5","4",".234",".307","15","2","0","7","17",".299",".607"
"Michael Conforto","CHC","LF","96","12","3","12","0",".221",".304","21","4","0","11","27",".377",".681"
"Andruw Monasterio","BOS","1B,2B,3B,SS","85","11","2","9","2",".237",".306","20","4","0","8","22",".355",".661"
"Curtis Mead","CWS","1B,2B,3B","77","9","2","8","1",".244",".294","19","4","0","6","18",".365",".660"
"Justyn-Henry Malloy","TB","LF,RF,DH","136","18","4","17","1",".234",".332","32","6","0","20","44",".375",".706"
"Christian Koss","SF","2B,3B,SS","79","9","1","8","2",".236",".277","19","4","0","4","20",".344",".621"
"Drew Gilbert","SF","CF,RF","132","16","4","15","2",".227",".292","30","6","1","12","30",".363",".655"
"Ryan Bliss","SEA","2B","72","9","2","7","5",".216",".283","16","3","0","7","21",".343",".627"
"Riley Adams","WSH","C","69","7","2","8","0",".212",".270","15","3","0","6","26",".353",".623"
"Michael Toglia","CIN","1B","47","5","2","6","1",".205",".280","10","2","0","5","19",".391",".671"
"Daniel Susac","SF","C","78","8","2","9","1",".227",".270","18","3","0","5","24",".348",".618"
"Alejandro Osuna","TEX","LF,CF,RF","63","8","1","7","2",".242",".314","15","3","0","7","16",".351",".665"
"Eloy Jimenez","TOR","RF,DH","27","3","1","3","0",".240",".293","6","1","0","2","6",".362",".655"
"Juan Brito","CLE","1B,2B","91","11","2","10","1",".228",".306","21","5","0","10","21",".355",".661"
"Luke Maile","KC","C","64","7","1","7","1",".216",".290","14","3","0","7","21",".323",".613"
"Andrew Knizner","SEA","C","83","9","2","8","0",".215",".276","18","3","0","7","20",".314",".589"
"Johan Rojas","PHI","CF","116","15","2","11","7",".245",".288","28","5","1","7","27",".341",".629"
"MJ Melendez","NYM","LF","80","9","3","9","2",".208",".275","17","4","0","7","26",".374",".649"
"Austin Hedges","CLE","C","120","12","3","11","1",".186",".251","22","4","0","10","35",".292",".543"
"Tom Murphy","","C","61","7","2","8","0",".230",".296","14","3","0","6","20",".395",".691"
"Endy Rodriguez","PIT","C,1B","78","10","2","8","0",".235",".298","18","4","0","7","18",".357",".655"
"Elias Diaz","KC","C","49","5","1","6","0",".223",".276","11","2","0","4","13",".335",".611"
"Alan Roden","MIN","LF,RF","154","21","3","17","3",".252",".319","39","8","1","15","30",".380",".699"
"Brandon Lockridge","MIL","LF,CF,RF","49","6","0","4","3",".232",".294","11","2","0","4","14",".313",".607"
"Luis Urias","","2B,3B","99","12","3","11","1",".225",".302","22","4","0","11","21",".347",".649"
"Darell Hernaiz","ATH","2B,3B,SS","163","19","2","17","3",".256",".313","42","9","1","13","26",".359",".672"
"Tyler Fitzgerald","SF","2B","58","7","2","6","2",".221",".271","13","3","0","4","19",".370",".641"
"Andy Ibanez","ATH","2B,3B","174","21","4","21","3",".243",".296","42","9","0","13","37",".373",".670"
"Rece Hinds","CIN","RF","29","4","1","4","1",".229",".277","7","2","0","2","11",".454",".731"
"Alex Call","LAD","LF,CF,RF","142","20","4","18","2",".235",".325","33","7","0","19","31",".369",".694"
"Bryce Teodosio","LAA","CF","210","23","3","19","10",".212",".256","45","8","2","12","71",".314",".571"
"Alex Freeland","LAD","3B,SS","78","10","2","9","2",".217",".304","17","4","0","10","24",".354",".658"
"Cooper Ingle","CLE","C","15","2","0","1","0",".239",".356","4","1","0","3","3",".340",".695"
"Jarred Kelenic","CWS","LF,CF,RF","93","11","3","10","2",".215",".278","20","4","0","8","30",".361",".639"
"Jahmai Jones","DET","LF,CF,RF,DH","123","18","4","16","3",".241",".324","30","7","1","15","35",".415",".738"
"DJ LeMahieu","","1B,2B,3B","89","10","2","9","0",".242",".314","22","3","0","9","22",".341",".655"
"Enrique Bradfield Jr.","BAL","CF","28","4","0","2","3",".225",".314","6","1","0","4","8",".336",".650"
"Max Kepler","","LF,RF","111","14","4","15","1",".237",".306","26","5","0","11","25",".400",".706"
"Nick Allen","HOU","SS","121","13","1","10","3",".227",".286","28","5","0","10","27",".295",".582"
"Dom Keegan","TB","C","59","7","2","7","0",".225",".285","13","3","0","5","18",".365",".649"
"Max Anderson","DET","2B,3B","23","3","0","3","0",".259",".299","6","1","0","1","4",".356",".655"
"Reese McGuire","MIL","C","41","4","1","5","0",".223",".273","9","1","0","3","10",".330",".603"
"Rafael Flores","PIT","C,1B","53","6","2","6","1",".236",".296","13","2","0","5","16",".392",".688"
"Yanquiel Fernandez","NYY","RF,DH","51","5","2","6","0",".223",".272","11","2","0","3","13",".362",".634"
"Justin Turner","","1B,3B","152","17","4","18","1",".239",".305","36","7","0","14","33",".358",".663"
"Kemp Alderman","MIA","RF","15","2","0","2","0",".251",".289","4","1","0","1","4",".343",".632"
"Jesus Rodriguez","SF","C","43","5","1","4","1",".261",".323","11","2","0","4","8",".348",".671"
"Ryan Clifford","NYM","1B,OF","32","4","1","4","0",".207",".301","7","1","0","4","11",".356",".656"
"Ildemaro Vargas","ARI","1B,2B","93","10","1","10","1",".241",".284","22","4","1","6","12",".338",".622"
"Jonathon Long","CHC","1B","36","4","1","5","0",".249",".338","9","1","0","5","9",".364",".702"
"Johnathan Rodriguez","CLE","RF","143","17","5","18","1",".245",".310","35","6","1","13","45",".403",".713"
"Mike Tauchman","NYM","LF,CF,RF","114","15","3","13","1",".231",".324","26","5","0","16","31",".350",".673"
"Myles Straw","TOR","LF,CF,RF","157","20","2","14","7",".232",".292","36","7","1","13","34",".314",".606"
"Jon Berti","","2B,3B","119","15","2","10","8",".243",".300","29","4","1","10","28",".329",".629"
"Leody Taveras","BAL","CF,RF","85","11","2","10","4",".240",".294","20","4","0","7","20",".368",".662"
"Kyle Farmer","ATL","1B,2B,3B,SS,DH","59","7","2","7","0",".227",".276","13","2","0","4","15",".358",".634"
"Ryan Ward","LAD","1B,LF,RF","17","2","1","2","0",".210",".278","3","1","0","2","5",".357",".635"
"Bryan Torres","STL","2B,LF,CF,RF","46","5","0","4","1",".256",".329","12","2","0","5","9",".318",".647"
"Oswaldo Cabrera","NYY","3B","120","15","3","13","2",".232",".292","28","5","0","10","28",".350",".643"
"Ty France","SD","1B","94","11","2","11","0",".251",".297","24","4","0","6","19",".371",".668"
"Carlos Cortes","ATH","LF,RF","126","16","4","16","1",".234",".299","30","7","0","12","30",".392",".691"
"Alex Jackson","MIN","C","44","5","2","5","0",".204",".260","9","2","0","3","15",".364",".624"
"Henry Bolte","ATH","RF","23","3","0","2","2",".247",".327","6","1","0","3","8",".360",".687"
"Junior Perez","ATH","LF,CF,RF","50","6","2","6","2",".203",".283","10","3","0","6","19",".359",".642"
"Brett Harris","ATH","3B","140","17","4","16","2",".231",".299","32","6","0","14","33",".353",".652"
"Chris Taylor","LAA","2B,LF,CF,RF","139","17","4","15","3",".213",".282","30","6","0","13","50",".338",".619"
"Esmerlyn Valdez","PIT","1B,LF,RF","28","3","1","4","0",".227",".286","6","1","0","2","9",".377",".663"
"Mickey Gasper","BOS","IF,C","24","3","1","3","0",".225",".308","5","1","0","3","5",".334",".642"
"Trey Sweeney","DET","SS","65","8","2","7","1",".215",".283","14","3","0","6","19",".335",".618"
"Warming Bernabel","WSH","1B","84","8","2","9","1",".245",".280","21","4","0","4","14",".356",".636"
"Alex Verdugo","SD","LF,RF","63","8","1","7","0",".248",".308","16","3","0","5","11",".346",".655"
"Jose Iglesias","","2B,3B,SS","151","16","2","15","2",".252",".292","38","7","0","9","28",".337",".630"
"Josue Briceno","DET","C,1B","23","2","0","2","0",".229",".327","5","1","0","3","7",".363",".690"
"Tyler Tolbert","KC","LF,CF","122","16","2","11","11",".223",".269","27","5","1","8","34",".320",".589"
"Derek Hill","CWS","LF,CF","95","12","3","10","3",".234",".281","22","4","1","6","29",".366",".647"
"Tre' Morgan","TB","1B,OF","37","5","1","4","1",".243",".324","9","2","0","4","8",".351",".675"
"Orelvis Martinez","WSH","2B,3B","64","7","2","8","0",".201",".262","13","3","0","5","20",".353",".616"
"Gabriel Gonzalez","MIN","LF,RF","51","6","1","6","0",".263",".313","13","3","0","4","10",".402",".716"
"Tristan Gray","MIN","2B,SS","63","7","2","7","0",".214",".266","13","3","0","4","20",".364",".630"
"Jack Suwinski","LAD","LF,CF,RF","68","10","3","9","2",".205",".295","14","3","0","9","25",".381",".676"
"Austin Barnes","NYM","C","28","3","0","2","0",".206",".273","6","1","0","3","7",".265",".538"
"Willie MacIver","TEX","C","27","3","0","3","1",".230",".290","6","1","0","2","8",".327",".617"
"Nacho Alvarez Jr.","ATL","3B","49","6","1","5","1",".239",".311","12","2","0","5","11",".326",".637"
"Shay Whitcomb","HOU","2B,3B","25","3","1","3","0",".222",".283","6","1","0","2","8",".414",".696"
"Matt Thaiss","BOS","C","20","2","0","2","0",".218",".322","4","1","0","3","6",".314",".636"
"Jace Jung","DET","3B","69","8","2","8","0",".215",".316","15","3","0","10","21",".351",".668"
"Tanner Murray","CWS","2B,3B,SS,LF,RF","65","7","1","7","0",".229",".267","15","3","0","3","17",".335",".602"
"Jorge Alfaro","KC","C","29","3","1","3","1",".208",".237","6","1","0","1","11",".313",".550"
"Deyvison De Los Santos","MIA","1B,3B","108","12","4","13","1",".234",".277","25","4","0","6","30",".371",".648"
"Jhonny Pereda","SEA","C","36","3","0","3","0",".220",".301","8","2","0","4","10",".304",".606"
"Zach Dezenzo","HOU","LF,RF","119","15","4","14","2",".232",".292","28","6","0","10","39",".375",".668"
"Brendan Rodgers","BOS","2B","66","7","1","7","0",".231",".283","15","3","0","5","19",".346",".629"
"Hao-Yu Lee","DET","2B,3B","24","3","1","3","1",".238",".312","6","1","0","3","6",".353",".665"
"Ben Rortvedt","NYM","C","34","3","1","3","0",".196",".273","7","1","0","4","10",".271",".543"
"Payton Eeles","BAL","2B,SS,LF","25","4","1","2","2",".225",".321","6","1","0","4","6",".307",".628"
"Max Schuemann","NYY","2B,3B,SS,OF","45","6","1","4","1",".220",".299","10","2","0","5","12",".310",".609"
"Bryce Johnson","SD","LF,CF,RF","136","16","2","12","6",".224",".289","31","6","1","13","41",".314",".603"
"Sebastian Rivero","LAA","C","18","2","0","2","0",".203",".233","4","1","0","1","4",".279",".513"
"Drew Romo","CWS","C","25","2","1","2","0",".218",".264","5","1","0","2","7",".326",".590"
"Eric Haase","SF","C","21","2","1","2","0",".222",".275","5","1","0","2","7",".299",".574"
"Shane McGuire","ATH","C","21","2","0","2","0",".207",".284","4","1","0","2","6",".273",".557"
"Chadwick Tromp","ATL","C","38","4","1","4","0",".204",".257","8","1","0","3","11",".305",".562"
"Will Banfield","CIN","C","23","2","0","2","0",".199",".235","4","1","0","1","7",".291",".526"
"Brandon Valenzuela","TOR","C,1B","20","2","0","2","0",".196",".257","4","1","0","2","6",".294",".550"
"Rodolfo Duran","SD","C","15","2","0","2","0",".214",".251","3","1","0","1","4",".319",".570"
"John Rave","KC","LF,CF,RF","100","13","2","10","3",".225",".298","22","4","1","10","29",".359",".658"
"Mason McCoy","SD","SS","48","5","1","4","2",".199",".260","10","2","0","4","16",".275",".535"
"Tomas Nido","DET","C","22","2","0","2","0",".217",".259","5","1","0","1","6",".272",".531"
"Blake Hunt","SD","C","16","2","0","2","0",".209",".257","3","1","0","1","5",".325",".582"
"Brett Sullivan","COL","C","24","3","0","3","0",".234",".285","6","1","0","2","4",".340",".625"
"Eli White","ATL","LF,CF,RF","126","17","4","14","5",".234",".286","29","5","1","9","37",".374",".659"
"Tim Anderson","","2B,SS","59","6","0","4","1",".236",".269","14","2","0","3","17",".290",".559"
"Seby Zavala","","C","13","2","0","2","0",".175",".252","2","1","0","1","5",".289",".541"
"Hayden Senger","NYM","C","16","2","0","2","0",".191",".235","3","0","0","1","5",".267",".502"
"Brett Wisely","ATL","2B","45","5","1","5","1",".226",".290","10","2","0","4","12",".342",".632"
"Nick Loftin","KC","2B,3B,LF","94","11","2","10","1",".237",".312","22","5","0","10","17",".354",".665"
"Collin Price","HOU","C","10","1","0","1","0",".185",".266","2","0","0","1","4",".290",".556"
"Chad Wallach","ATH","C","17","1","1","2","0",".184",".237","3","1","0","1","6",".315",".552"
"Sam Huff","BAL","C","11","1","0","1","0",".198",".253","2","0","0","1","4",".321",".574"
"Maverick Handley","BAL","C","13","2","0","1","0",".196",".289","3","0","0","2","4",".255",".544"
"Jose Herrera","TEX","C","14","2","0","1","0",".198",".281","3","0","0","2","4",".277",".558"
"Jason Delay","BOS","C","20","2","0","2","0",".200",".249","4","1","0","1","4",".260",".509"
"Blake Sabol","TB","C","11","1","0","1","0",".203",".269","2","0","0","1","4",".325",".593"
"Eliezer Alfonzo","LAD","C","8","1","0","1","0",".231",".275","2","0","0","0","1",".318",".593"
"Dom Nunez","CLE","C","15","2","0","1","0",".167",".267","2","1","0","2","6",".266",".533"
"Cesar Prieto","STL","2B,3B,SS","30","3","0","3","0",".240",".277","7","2","0","2","5",".337",".614"
"Sandy Leon","ATL","C","15","1","0","1","0",".154",".231","2","0","0","1","6",".285",".516"
"James Triantos","CHC","2B,LF,CF","25","3","0","3","1",".254",".291","6","1","0","1","4",".325",".617"
"Alika Williams","PIT","2B,SS","31","3","0","3","0",".229",".274","7","1","0","2","7",".320",".594"
"Liover Peguero","PHI","1B,2B,SS","34","4","1","4","1",".221",".275","7","2","0","2","9",".346",".621"
"LaMonte Wade Jr.","CWS","1B,RF","70","9","2","8","0",".219",".321","15","3","0","11","18",".353",".674"
"Jorge Barrosa","ARI","LF,CF","104","12","2","10","2",".226",".290","23","5","1","9","26",".340",".630"
"T.J. Rumfield","COL","1B","111","14","3","14","1",".250",".315","28","6","0","10","25",".378",".693"
"Denzer Guzman","LAA","3B,SS","39","4","1","4","1",".211",".278","8","2","0","4","13",".327",".605"
"Dominic Smith","ATL","1B","159","18","4","19","1",".241",".301","38","7","0","14","36",".368",".669"
"Luke Williams","ATL","2B,SS","26","3","0","2","2",".195",".253","5","1","0","2","8",".293",".546"
"Jared Serna","MIA","2B,SS","29","3","0","3","1",".220",".279","6","1","0","2","6",".294",".573"
"Chas McCormick","CHC","LF,CF,RF","84","11","3","10","3",".222",".288","19","3","0","8","26",".355",".643"
"Jorbit Vivas","NYY","2B,3B","21","3","0","2","0",".215",".302","4","1","0","3","4",".300",".602"
"Gio Urshela","MIN","3B","82","9","1","9","0",".250",".296","21","4","0","5","17",".356",".652"
"Michael Arroyo","SEA","2B","25","3","0","2","1",".230",".315","6","1","0","3","6",".315",".630"
"Tsung-Che Cheng","BOS","2B,3B,SS","22","2","0","2","1",".206",".273","5","1","0","2","6",".286",".559"
"Mark Canha","TEX","LF,RF","88","10","2","9","1",".229",".300","20","4","0","9","20",".337",".637"
"Santiago Espinal","LAD","2B,3B,LF,RF","97","11","1","9","1",".248",".299","24","5","0","7","14",".334",".633"
"Joey Wiemer","WSH","LF,CF,RF","104","12","3","12","2",".206",".277","22","4","0","10","34",".339",".616"
"Cavan Biggio","HOU","1B,2B,RF","25","3","0","3","0",".202",".294","5","1","0","3","8",".295",".589"
"Sam Antonacci","CWS","2B,3B","15","2","0","2","1",".246",".314","4","1","0","1","3",".323",".637"
"Aaron Schunk","ATL","2B,3B,SS","33","3","1","3","1",".226",".275","8","1","0","2","8",".337",".612"
"Orlando Arcia","MIN","1B,2B,3B,SS","109","11","3","12","0",".224",".277","24","5","0","8","25",".344",".621"
"Edwin Arroyo","CIN","2B,SS","31","4","0","3","0",".248",".294","8","2","0","2","7",".333",".627"
"Trei Cruz","DET","SS,LF,CF","18","2","0","2","0",".222",".317","4","1","0","3","6",".326",".643"
"Ben Cowles","CHC","2B,3B,SS","18","2","0","2","0",".219",".276","4","1","0","1","5",".312",".588"
"Austin Slater","DET","LF,CF,RF","68","9","2","7","1",".234",".313","16","3","0","8","22",".367",".680"
"Ryan Vilade","TB","LF,RF","120","14","3","14","2",".233",".296","28","6","1","11","33",".356",".652"
"Nate Furman","SF","2B","8","1","0","1","0",".248",".318","2","0","0","1","2",".355",".672"
"Marco Luciano","NYY","2B,SS","22","2","1","2","0",".182",".283","4","1","0","3","9",".293",".576"
"Ryan Fitzgerald","LAD","2B,SS","18","2","0","2","0",".210",".287","4","1","0","2","5",".328",".615"
"Scott Kingery","CHC","2B,SS","22","2","0","2","0",".199",".250","4","1","0","1","7",".312",".563"
"Ethan Murray","MIL","SS","18","2","0","2","0",".187",".254","3","1","0","2","6",".307",".561"
"Jack Winkler","HOU","2B,3B,SS","11","1","0","1","1",".196",".251","2","0","0","1","3",".259",".511"
"Dairon Blanco","TEX","LF,CF,RF","23","3","1","2","3",".224",".272","5","1","0","1","6",".346",".618"
"Maximo Acosta","MIA","3B,SS","60","7","1","6","2",".229",".285","14","3","0","5","16",".336",".621"
"Nate Eaton","BOS","3B,CF,RF","63","8","1","7","3",".230",".279","15","3","0","4","17",".338",".617"
"Will Wagner","SD","1B,3B","66","8","1","7","0",".245",".316","16","3","0","7","13",".351",".667"
"Dylan Carlson","CHC","LF,CF,RF","77","9","2","8","1",".224",".305","17","3","0","9","20",".343",".648"
"Will Brennan","SF","LF,CF,RF","74","8","1","8","1",".258",".297","19","4","0","4","11",".357",".653"
"Tyler Callihan","PIT","2B,LF","48","6","1","5","2",".225",".287","11","2","0","4","15",".348",".634"
"Nick Sogard","BOS","1B,2B","48","6","1","5","1",".238",".315","11","3","0","5","12",".325",".640"
"Jeimer Candelario","LAA","1B,3B","44","5","1","5","0",".201",".264","9","2","0","4","14",".333",".597"
"Kyren Paris","LAA","2B,CF","58","8","2","6","3",".199",".278","12","2","0","6","23",".319",".597"
"Paul DeJong","NYY","2B,3B,SS","45","5","2","6","0",".208",".253","9","2","0","3","16",".375",".628"
"Kameron Misner","KC","CF,RF","53","7","2","6","2",".201",".295","11","2","0","7","19",".343",".638"
"Tirso Ornelas","SD","LF","59","7","1","6","1",".232",".296","14","3","0","5","13",".354",".650"
"Ryan Kreidler","MIN","CF","74","8","2","7","3",".195",".276","14","3","0","8","26",".303",".579"
"Matthew Lugo","LAA","LF,CF","45","5","1","5","1",".217",".261","10","2","0","3","15",".373",".634"
"Bryan De La Cruz","PHI","LF","33","3","1","4","0",".232",".279","8","2","0","2","10",".365",".644"
"Nick Madrigal","LAA","2B,3B","47","5","0","4","1",".262",".302","12","2","0","3","6",".323",".624"
"Yohandy Morales","WSH","1B,3B","53","6","1","6","0",".231",".286","12","3","0","4","17",".345",".631"
"Tyler Wade","TEX","2B,LF,CF","38","4","0","3","2",".214",".287","8","1","0","4","11",".266",".553"
"Joey Meneses","ATH","1B","43","4","1","5","0",".241",".288","10","2","0","3","9",".366",".654"
"Drew Waters","KC","LF,CF,RF","46","6","1","4","1",".225",".287","10","2","0","4","15",".343",".631"
"Taylor Trammell","HOU","LF,CF","32","4","1","4","1",".201",".296","6","1","0","4","11",".349",".646"
"Gabriel Rincones","PHI","LF,RF","43","6","1","5","2",".219",".309","9","2","0","6","13",".366",".675"
"Grant McCray","SF","LF,CF,RF","36","4","1","4","1",".204",".268","7","1","0","3","12",".318",".586"
"Justin Foscue","TEX","1B","38","4","1","4","0",".216",".284","8","2","0","4","8",".388",".672"
"Dustin Harris","CWS","LF","31","4","1","3","2",".227",".295","7","1","0","3","8",".341",".636"
"Manuel Margot","","LF,CF,RF","52","6","1","5","0",".239",".285","12","2","0","3","10",".320",".605"
"Blake Dunn","CIN","LF,RF","32","4","1","3","1",".230",".304","7","1","0","3","11",".356",".660"
"Wade Meckler","LAA","CF","40","4","0","3","1",".232",".305","9","2","0","4","10",".307",".612"
"Jared Young","NYM","1B,LF,DH","27","4","1","3","0",".216",".295","6","1","0","3","8",".359",".654"
"Jonatan Clase","TOR","LF,CF","29","4","1","3","2",".225",".292","7","2","0","3","9",".339",".631"
"Miles Mastrobuoni","SEA","2B,3B,LF,RF","40","5","0","3","2",".227",".307","9","2","0","5","8",".302",".610"
"Brock Wilken","MIL","3B","40","5","1","5","0",".198",".289","8","2","0","5","15",".331",".620"
"Abraham Toro","KC","1B,2B,3B","52","6","1","5","1",".237",".297","12","3","0","4","11",".371",".667"
"Garrett Hampson","CIN","2B,LF,CF","46","5","0","4","2",".217",".284","10","2","0","4","14",".290",".574"
"Sterlin Thompson","COL","1B,LF","33","4","1","4","1",".252",".312","8","2","0","3","9",".414",".725"
"Pedro Leon","PHI","RF","50","6","2","6","2",".208",".268","10","2","0","4","17",".346",".614"
"A.J. Vukovich","ARI","3B,LF","32","4","1","4","0",".233",".285","8","1","0","2","11",".379",".664"
"Akil Baddoo","MIL","LF","31","4","1","4","1",".215",".305","7","2","0","4","10",".356",".661"
"Vidal Brujan","NYM","3B,SS,OF","37","4","0","3","1",".220",".286","8","2","0","3","9",".304",".590"
"Enmanuel Valdez","PIT","1B","36","4","1","5","0",".226",".299","8","2","0","4","9",".367",".666"
"Jhonkensy Noel","BAL","1B,RF","36","4","2","5","0",".219",".268","8","2","0","2","11",".441",".708"
"Matt Mervis","WSH","1B","41","5","2","5","0",".208",".267","8","2","0","3","13",".351",".618"
"Gustavo Campero","LAA","RF","26","3","1","3","1",".240",".293","6","1","0","2","6",".343",".636"
"Ji Hwan Bae","NYM","CF,RF","34","5","0","3","3",".232",".311","8","2","0","4","10",".329",".639"
"Bryan Ramos","BAL","3B","30","3","1","3","0",".211",".268","6","1","0","2","8",".326",".593"
"DaShawn Keirsey","ATL","LF,CF,RF","32","4","1","3","3",".210",".264","7","1","0","2","10",".320",".584"
"Nicky Lopez","COL","3B","25","3","0","2","0",".259",".325","6","1","0","2","4",".297",".622"
"Petey Halpin","CLE","CF","30","3","0","3","0",".213",".276","6","1","0","3","9",".311",".587"
"Matt Koperniak","STL","LF,RF","28","3","0","3","0",".225",".278","6","1","0","2","6",".304",".582"
"Tristan Peters","CWS","CF","31","3","0","3","0",".218",".291","7","1","0","3","7",".318",".609"
"Stuart Fairchild","CLE","LF,CF,RF","26","4","1","3","1",".228",".291","6","1","0","2","8",".358",".648"
"Justin Dean","CHC","CF","17","2","0","1","1",".199",".276","3","0","0","2","6",".254",".530"
"Weston Wilson","BAL","2B,LF","24","3","1","3","1",".202",".279","5","1","0","3","7",".344",".623"
"Juan Yepez","","1B","21","2","1","3","0",".234",".289","5","1","0","2","4",".374",".663"
"Connor Joe","SEA","1B,LF,RF","26","3","1","2","0",".209",".294","5","1","0","3","7",".323",".617"
"Michael Siani","LAD","CF","27","3","0","2","1",".198",".277","5","1","0","3","8",".267",".544"
"Nelson Velazquez","STL","LF,RF,DH","43","5","2","6","1",".216",".285","9","2","0","4","13",".379",".664"
"Garrett Stubbs","PHI","C,DH","29","3","0","3","0",".216",".282","6","1","0","3","8",".301",".584"
"Trey Lipscomb","WSH","3B","26","2","0","2","1",".225",".272","6","1","0","2","6",".310",".582"
"Jonah Bride","TEX","1B,3B","35","4","1","4","0",".218",".317","8","2","0","5","10",".330",".647"
"Blaze Jordan","STL","1B,3B","16","2","0","2","0",".250",".294","4","1","0","1","3",".388",".682"
"Rhylan Thomas","SEA","LF,RF","21","2","0","2","1",".257",".299","5","1","0","1","2",".299",".599"
"Kevin Newman","KC","1B,2B,3B,SS","27","3","0","2","0",".240",".283","6","1","0","2","5",".322",".605"
"Samad Taylor","SD","2B,RF","23","3","0","2","1",".223",".302","5","1","0","3","6",".319",".620"
"Donovan Solano","","1B","57","5","1","6","0",".246",".298","14","2","0","4","14",".349",".647"
"Eduardo Valencia","DET","C,1B,DH","13","2","0","2","0",".233",".276","3","1","0","1","3",".341",".617"
"Nick Morabito","NYM","CF","13","2","0","1","1",".240",".292","3","0","0","1","3",".324",".616"
"Kahlil Watson","CLE","LF,CF,RF","20","3","1","2","1",".211",".291","4","1","0","2","7",".344",".634"
"Tim Elko","CWS","1B","23","3","1","3","0",".230",".272","5","1","0","1","8",".346",".618"
"Vimael Machin","COL","3B","18","2","0","2","0",".258",".318","5","1","0","2","4",".331",".649"
"Christian Franklin","WSH","LF,CF,RF","20","3","0","2","0",".230",".314","5","1","0","2","6",".306",".620"
"Jose Azocar","ATL","LF,CF,RF","12","2","0","1","0",".252",".282","3","0","0","1","3",".293",".574"
"Billy Cook","PIT","CF","20","2","0","2","1",".211",".265","4","1","0","1","6",".315",".580"
"Steward Berroa","MIL","CF,RF","18","2","0","2","2",".199",".295","4","1","0","3","6",".283",".579"
"Anthony Seigler","BOS","3B","14","2","0","2","1",".210",".316","3","1","0","2","4",".295",".612"
"Niko Kavadas","LAA","1B,LF,RF","20","2","1","2","0",".186",".276","4","1","0","2","9",".349",".625"
"Dominic Fletcher","PIT","CF,RF","20","2","0","2","0",".234",".277","5","1","0","1","5",".317",".594"
"Kristian Robinson","ARI","CF,RF","13","2","0","2","0",".203",".289","3","0","0","2","5",".305",".594"
"Ronny Simon","PIT","2B,LF","20","2","0","2","1",".239",".310","5","1","0","2","4",".345",".655"
"Davis Wendzel","PIT","3B","14","2","0","2","0",".198",".271","3","0","0","1","4",".295",".566"
"RJ Schreck","TOR","RF","14","2","0","2","0",".206",".304","3","1","0","2","4",".335",".638"
"Patrick Wisdom","SEA","1B,3B,OF","17","2","1","2","0",".180",".247","3","1","0","1","7",".430",".677"
"Vinny Capra","BOS","3B,SS","10","1","0","1","0",".227",".286","2","0","0","1","3",".321",".607"
"Grae Kessinger","NYM","2B,3B","14","2","0","1","0",".193",".266","3","0","0","1","4",".291",".558"
"Trey Mancini","LAA","1B,LF,RF","22","3","0","2","0",".217",".267","5","1","0","1","6",".314",".582"
"Emmanuel Rivera","","1B,3B","13","1","0","1","0",".236",".289","3","1","0","1","3",".339",".628"
"Luken Baker","ARI","1B,DH","10","1","0","1","0",".209",".288","2","0","0","1","3",".364",".651"
"Leandro Cedeno","SD","1B","6","1","0","1","0",".239",".281","1","0","0","0","2",".372",".653"
"Oliver Dunn","CWS","3B","11","1","0","1","0",".198",".267","2","0","0","1","4",".320",".587"
"Sergio Alcantara","WSH","2B,3B,SS","11","1","0","1","0",".199",".286","2","0","0","1","3",".265",".551"
"Jose Barrero","BAL","SS,CF","9","1","0","1","0",".191",".240","2","0","0","1","3",".311",".551"
"Cristian Pache","NYM","LF,CF","11","1","0","1","0",".190",".269","2","0","0","1","4",".270",".539"
"Tristin English","ATL","1B,3B,RF","6","1","0","1","0",".228",".266","1","0","0","0","1",".346",".612"
"Carlos Rodriguez","SD","LF","4","0","0","0","0",".237",".300","1","0","0","0","1",".324",".624"
"Jacob Stallings","","C","85","8","1","8","0",".198",".262","17","3","0","7","27",".292",".554"
"Victor Mesa Jr.","TB","RF","28","3","1","3","0",".232",".288","7","2","0","2","6",".364",".652"
"Jason Heyward","","LF,RF","85","12","3","12","1",".218",".284","18","4","1","8","20",".373",".657"
"Leo Jimenez","TOR","2B","89","11","2","10","1",".233",".296","21","4","0","8","22",".361",".657"
"Alexander Canario","","LF,CF,RF","71","8","3","8","1",".215",".283","15","3","0","7","26",".364",".648"
"Ben Gamel","ATL","LF,RF","67","8","2","7","1",".224",".310","15","3","0","8","22",".360",".670"
"Hunter Renfroe","","RF","74","8","2","8","0",".218",".281","16","4","0","6","18",".369",".650"
"Travis Jankowski","","LF,CF,RF","59","7","1","5","3",".221",".293","13","2","0","6","12",".279",".571"
"Seth Brown","NYY","1B,LF,CF,RF","46","5","2","6","0",".235",".293","11","2","0","4","13",".387",".680"
"Yuli Gurriel","","1B,DH","63","6","1","6","1",".211",".288","13","3","1","7","12",".328",".616"
"Bob Seymour","","1B","31","4","1","4","1",".223",".287","7","1","0","3","10",".374",".662"
"Corey Julks","DET","LF,RF","37","4","1","3","1",".236",".307","9","2","0","4","9",".357",".664"
"Jacob Reimer","NYM","1B,3B","32","4","1","4","1",".235",".313","7","1","0","4","9",".383",".696"
"Oscar Gonzalez","","LF","32","3","1","4","0",".234",".263","8","1","0","1","8",".364",".627"
"Jack Brannigan","PIT","3B,SS","22","3","1","3","1",".226",".293","5","1","0","2","7",".331",".624"
"Logan Davidson","TB","1B,3B","26","3","1","3","1",".219",".314","6","1","0","4","9",".320",".634"
"Raynel Delgado","TB","2B,SS","27","3","1","2","2",".212",".293","6","1","0","3","6",".308",".601"
"Cameron Cauley","TEX","2B,SS,OF","29","4","1","3","1",".218",".276","6","2","0","2","9",".374",".649"
"Rafael Lantigua","TOR","2B,3B","29","4","1","3","1",".213",".326","6","1","0","5","6",".308",".635"
"Elehuris Montero","","1B,3B","24","3","1","3","0",".232",".284","6","1","0","2","7",".387",".671"
"Kyle McCann","COL","C","31","3","1","4","0",".213",".281","7","1","0","3","12",".354",".635"
"Carter Kieboom","CLE","1B,2B,3B","28","3","1","3","1",".223",".288","6","1","0","3","6",".316",".604"
"Daniel Johnson","MIA","CF,RF","26","3","1","2","1",".215",".266","6","1","0","2","7",".361",".626"
"Bligh Madris","STL","1B","46","5","1","5","1",".179",".270","8","2","0","6","15",".308",".579"
"Ralphy Velazquez","CLE","1B","34","4","1","4","0",".221",".296","7","2","1","4","9",".433",".728"
"Will Robertson","BAL","LF,CF,RF","28","3","1","4","0",".211",".292","6","1","0","3","11",".365",".657"
"Jacob Hurtubise","MIL","LF","33","6","0","2","2",".195",".321","6","1","0","6","9",".286",".607"
"Tyler Nevin","","1B,3B,LF,RF","20","3","1","2","0",".242",".304","5","1","0","2","4",".389",".694"
"Estevan Florial","","LF,CF,RF","17","2","1","2","1",".219",".291","4","1","0","2","6",".375",".666"
"Carson McCusker","","LF,RF","30","3","1","3","1",".208",".274","6","2","0","3","11",".375",".648"
"J.D. Martinez","","DH","23","3","1","3","0",".226",".293","5","1","0","2","7",".386",".679"
"Jordyn Adams","MIL","CF,RF","31","3","1","3","1",".195",".264","6","1","0","3","11",".293",".556"
"Cam Devanney","","3B","31","3","1","3","1",".208",".286","6","2","0","3","9",".324",".609"
"Kenedy Corona","NYY","LF,CF,RF","28","3","1","2","2",".193",".275","5","1","0","3","8",".290",".565"
"Luis Vazquez","BAL","3B,SS","29","3","1","2","1",".217",".285","6","1","0","3","7",".318",".604"
"Sandro Fabian","","LF,RF","20","2","1","2","0",".233",".271","5","1","0","1","4",".377",".648"
"Jason Vosler","","1B","20","2","1","2","0",".229",".281","5","1","0","1","5",".381",".662"
"Jordan Diaz","","1B,2B,3B","20","2","1","2","0",".243",".288","5","1","0","1","4",".399",".687"
"Brandon Drury","KC","1B,2B,3B","27","3","1","2","0",".207",".270","6","1","0","2","7",".310",".580"
"Xavier Isaac","TB","1B","17","2","1","2","0",".214",".292","4","1","0","2","6",".346",".639"
"Will Wilson","","2B,3B,SS","33","3","1","3","1",".195",".264","6","1","0","3","9",".304",".569"
"Edward Olivares","TB","LF,RF","18","2","1","2","0",".235",".288","4","1","0","1","4",".385",".674"
"Nick Maton","","3B,DH","27","3","1","3","0",".198",".304","5","1","0","4","8",".327",".631"
"Connor Kaiser","KC","2B,SS","28","3","1","2","1",".185",".289","5","1","0","4","10",".279",".568"
"Jared Walsh","","1B,RF","19","2","1","2","0",".187",".251","4","1","0","2","8",".317",".568"
"Trey Cabbage","","1B,LF,RF","19","2","1","2","0",".222",".278","4","1","0","2","7",".378",".656"
"Brian Navarreto","MIA","C","28","3","1","3","0",".186",".242","5","1","0","2","7",".280",".522"
"Albert Almora Jr.","","LF,CF,RF","15","2","0","2","0",".234",".282","4","1","0","1","3",".345",".627"
"Mitch Haniger","","RF","16","2","1","2","0",".213",".280","3","1","0","2","5",".355",".635"
"Jud Fabian","BAL","LF,CF","16","2","1","2","0",".186",".271","3","1","0","2","6",".323",".594"
"Adam Duvall","","LF,CF,RF","20","2","1","2","0",".208",".263","4","1","0","1","7",".375",".637"
"Ryan Noda","BAL","1B","25","4","1","2","0",".167",".308","4","1","0","5","11",".323",".631"
"Michael Stefanic","ATH","2B","16","2","0","2","0",".266",".343","4","1","0","2","3",".345",".688"
"Yohendrick Pinango","TOR","LF","14","1","1","2","0",".203",".308","3","1","0","2","4",".358",".665"
"Joey Gallo","","1B,LF,CF,RF","19","3","1","2","0",".181",".289","3","1","0","3","8",".360",".649"
"Braden Shewmake","NYY","2B,3B,SS","26","3","0","2","1",".201",".263","5","1","0","2","5",".298",".561"
"Forrest Wall","","LF","11","1","0","1","1",".224",".291","3","0","0","1","3",".332",".623"
"Andrew Pinckney","WSH","CF","20","2","0","2","1",".222",".269","4","1","0","1","7",".340",".610"
"Daz Cameron","","LF,CF,RF","13","2","0","2","0",".219",".285","3","1","0","1","4",".368",".653"
"Eguy Rosario","","3B","13","2","0","2","0",".212",".274","3","1","0","1","4",".363",".637"
"Joshua Palacios","","LF,CF,RF","13","2","0","2","0",".232",".293","3","1","0","1","3",".358",".651"
"David Villar","","1B","13","2","0","2","0",".214",".294","3","1","0","2","5",".367",".662"
"Oscar Colas","","CF,RF","17","2","0","2","0",".213",".269","4","1","0","1","5",".338",".607"
"Drew Avans","COL","LF,CF,RF","14","2","0","1","1",".234",".300","3","1","0","1","4",".343",".643"
"Owen Miller","CHC","1B,2B","25","2","0","2","1",".216",".269","5","1","0","2","5",".312",".581"
"Jon Singleton","","1B,DH","14","2","0","2","0",".200",".296","3","1","0","2","5",".344",".640"
"Nick Pratto","TEX","1B","14","2","0","2","0",".197",".267","3","1","0","1","5",".342",".609"
"Yunior Severino","","1B,2B,3B","14","2","0","2","0",".212",".281","3","1","0","1","5",".352",".633"
"Brennan Milone","ATH","1B","14","2","0","2","0",".226",".300","3","1","0","2","4",".356",".656"
"David Dahl","","LF,RF","18","2","0","2","0",".227",".282","4","1","0","1","5",".362",".644"
"Willie Calhoun","","RF,DH","18","2","0","2","0",".235",".305","4","1","0","2","3",".354",".659"
"Alex Ramirez","","RF","15","2","0","1","1",".206",".268","3","1","0","1","4",".297",".564"
"Austin Shenton","","1B","12","2","0","1","0",".215",".297","3","1","0","1","4",".366",".663"
"Taylor Young","LAD","2B","13","1","0","1","1",".205",".284","3","1","0","1","4",".280",".563"
"Nick Gordon","","2B,LF,CF","15","2","0","2","0",".226",".265","3","1","0","1","4",".358",".623"
"Nick Senzel","LAD","3B,LF,CF,RF","15","2","0","2","0",".212",".280","3","1","0","1","4",".330",".610"
"Andre Lipcius","","3B","15","2","0","2","0",".216",".283","3","1","0","1","4",".332",".616"
"Harold Ramirez","","LF,RF,DH","14","1","0","1","0",".255",".291","4","1","0","1","3",".354",".644"
"Zach Remillard","","2B,3B,OF","19","2","0","2","0",".208",".271","4","1","0","2","5",".299",".570"
"Elijah Dunham","LAA","LF","19","2","0","2","0",".198",".271","4","1","0","2","7",".323",".594"
"Tyler Gentry","KC","RF","13","2","0","1","0",".214",".281","3","1","0","1","4",".337",".618"
"Pedro Ramirez","CHC","2B,3B","13","2","0","1","0",".235",".287","3","1","0","1","3",".315",".602"
"Josh Kasevich","TOR","3B,SS","13","2","0","1","0",".255",".296","3","0","0","1","2",".285",".581"
"Riley Tirotta","TOR","3B","7","1","0","1","0",".207",".284","2","0","0","1","3",".318",".602"
"Jadher Areinamo","TB","2B,3B,SS","7","1","0","1","0",".240",".284","2","0","0","0","1",".340",".624"
"Luis Guillorme","","2B,3B","11","1","0","1","0",".225",".313","3","0","0","1","3",".298",".611"
"Buddy Kennedy","SF","3B","11","1","0","1","0",".235",".314","3","0","0","1","3",".330",".644"
"Carlos Mendoza","TOR","3B","11","1","0","1","0",".233",".317","3","0","0","1","2",".319",".636"
"Aramis Garcia","ARI","C","14","2","1","1","0",".163",".249","2","1","0","2","5",".318",".568"
"Tucker Flint","LAA","RF","16","2","0","2","0",".193",".271","3","1","0","2","7",".317",".589"
"Kevin Kiermaier","","CF","20","2","0","2","0",".220",".268","4","1","0","1","6",".343",".610"
"Cole Tucker","","3B,OF","20","2","0","2","0",".202",".272","4","1","0","2","6",".285",".557"
"Logan Driscoll","TB","C","20","2","0","2","0",".215",".270","4","1","0","1","6",".334",".604"
"Zach DeLoach","","LF,RF","14","2","0","1","0",".221",".294","3","1","0","1","5",".346",".641"
"Luca Tresh","KC","C","14","1","0","2","0",".202",".258","3","1","0","1","4",".349",".607"
"Billy McKinney","","LF,RF","16","1","1","1","0",".173",".259","3","1","0","2","5",".326",".586"
"Jose Ramos","NYM","RF","8","1","0","1","0",".201",".264","2","0","0","1","3",".342",".607"
"Jase Bowen","SD","CF","8","1","0","1","0",".227",".282","2","1","0","1","3",".348",".629"
"Kevin Pillar","","LF,CF,RF","12","1","0","1","0",".221",".264","3","1","0","1","3",".346",".610"
"Pablo Reyes","SD","2B,3B,RF","12","1","0","1","0",".228",".293","3","1","0","1","3",".343",".636"
"Ali Sanchez","NYY","C","12","1","0","1","0",".219",".274","3","0","0","1","3",".315",".589"
"Luis De Los Santos","","3B","12","1","0","1","0",".209",".259","3","0","0","1","4",".306",".565"
"Jesus Bastidas","MIA","SS","17","2","0","2","0",".208",".265","3","1","0","1","5",".331",".596"
"Paul McIntosh","PHI","C","9","1","0","1","0",".215",".286","2","0","0","1","3",".328",".614"
"Eddie Rosario","","LF,CF,RF,DH","13","1","0","1","0",".220",".273","3","1","0","1","3",".362",".636"
"Jamie Westbrook","","2B,RF","13","1","0","1","0",".222",".289","3","1","0","1","3",".321",".611"
"Bobby Dalbec","","1B,3B","13","1","0","1","0",".195",".262","3","0","0","1","6",".333",".595"
"Alan Trejo","","2B,SS","13","1","0","1","0",".218",".262","3","1","0","1","4",".341",".603"
"Rene Pinto","PHI","C","13","1","0","1","0",".207",".250","3","1","0","1","5",".357",".607"
"Gage Workman","DET","3B,SS,LF,CF,RF","13","1","0","1","0",".198",".262","3","1","0","1","5",".333",".596"
"Darren Baker","CWS","2B","13","1","0","1","0",".229",".286","3","0","0","1","3",".289",".575"
"Justice Bigbie","DET","LF,RF","13","1","0","1","0",".236",".297","3","1","0","1","3",".333",".629"
"Matthew Batten","","1B","16","2","0","1","0",".198",".260","3","1","0","1","5",".288",".548"
"Brennen Davis","SEA","LF","10","1","0","1","0",".185",".275","2","0","0","1","4",".276",".551"
"Sean Bouchard","","LF,RF","10","1","0","1","0",".202",".296","2","0","0","1","4",".348",".643"
"Jonathan Ornelas","NYY","3B,SS","14","1","0","1","0",".196",".258","3","0","0","1","4",".291",".549"
"P.J. Higgins","CIN","C,1B","14","1","0","1","0",".220",".270","3","1","0","1","4",".327",".596"
"J.D. Davis","","1B,3B","11","1","0","1","0",".221",".287","2","0","0","1","3",".345",".632"
"Mike Ford","","1B,DH","11","1","0","1","0",".204",".277","2","0","0","1","3",".340",".617"
"Sam Hilliard","","LF,CF,RF","11","1","0","1","0",".214",".287","2","0","0","1","4",".381",".667"
"Brewer Hicklen","ATL","CF,RF","11","1","0","1","0",".197",".265","2","0","0","1","4",".350",".615"
"Brian Serven","ATH","C","11","1","0","1","0",".179",".248","2","0","0","1","4",".264",".511"
"Jacob Amaya","ARI","SS","11","1","0","1","0",".206",".278","2","0","0","1","3",".300",".578"
"David Hensley","","2B,RF","11","1","0","1","0",".193",".289","2","1","0","2","4",".298",".587"
"Sam Brown","WSH","1B","11","1","0","1","0",".224",".289","2","1","0","1","3",".337",".626"
"Frederick Bencosme","BAL","2B,SS","11","1","0","1","0",".218",".274","2","1","0","1","2",".309",".583"
"Travis Blankenhorn","","LF,DH","12","1","0","1","0",".198",".261","2","1","0","1","4",".345",".605"
"Jack Lopez","","2B","12","1","0","1","0",".209",".241","2","0","0","0","4",".303",".544"
"Zack Short","NYY","3B,SS","12","1","0","1","0",".183",".282","2","0","0","2","4",".309",".592"
"Clay Dungan","SD","SS","12","1","0","1","0",".198",".272","2","1","0","1","4",".310",".582"
"Wilfred Veras","CWS","LF,RF","12","1","0","1","0",".213",".259","2","1","0","1","4",".333",".592"
"Terrell Tatum","","LF","12","1","0","1","0",".200",".283","2","0","0","1","4",".292",".575"
"Luke Ritter","","3B","13","1","0","1","0",".193",".267","2","0","0","1","5",".314",".581"
"Chuckie Robinson","LAD","C","17","1","0","1","0",".196",".248","3","1","0","1","5",".261",".509"
""
""